p00,p10,p01,p11,Total Number of Counts
0.1254143637,0.8745856363,0.0288181271,0.9711818729,49999999
0.1254505528,0.8745494472,0.0285433071,0.9714566929,
0.1253347555,0.8746652445,0.0280568533,0.9719431467,
0.1253951218,0.8746048782,0.0296852703,0.9703147297,
0.1253726933,0.8746273067,0.02892193,0.97107807,
0.125406139,0.874593861,0.0291458278,0.9708541722,
0.1254103886,0.8745896114,0.0282227148,0.9717772852,
0.1254187337,0.8745812663,0.0279346848,0.9720653152,
0.1254762312,0.8745237688,0.0284477266,0.9715522734,
0.125302208,0.874697792,0.0288084237,0.9711915763,
0.1253422119,0.8746577881,0.0291095174,0.9708904826,
0.1256095408,0.8743904592,0.0280841022,0.9719158978,
0.12539847,0.87460153,0.0288251002,0.9711748998,
0.1253511667,0.8746488333,0.0283859616,0.9716140384,
0.1253888792,0.8746111208,0.028530611,0.971469389,
0.1253106517,0.8746893483,0.0287071361,0.9712928639,
0.1254168336,0.8745831664,0.0287546053,0.9712453947,
0.1254219225,0.8745780775,0.0288018972,0.9711981028,
0.1254394862,0.8745605138,0.0279567766,0.9720432234,
0.1252648836,0.8747351164,0.0284492717,0.9715507283,
0.1253886767,0.8746113233,0.0284129233,0.9715870767,
0.125341226,0.874658774,0.028612557,0.971387443,
0.1254741718,0.8745258282,0.0293256357,0.9706743643,
0.125481948,0.874518052,0.0289308571,0.9710691429,
0.1254280462,0.8745719538,0.028251741,0.971748259,
0.1253536795,0.8746463205,0.0288254913,0.9711745087,
0.1253895305,0.8746104695,0.0286366217,0.9713633783,
0.1252577425,0.8747422575,0.0287930855,0.9712069145,
0.1254034288,0.8745965712,0.0290076256,0.9709923744,
0.1253754854,0.8746245146,0.0280258636,0.9719741364,
0.1253971815,0.8746028185,0.028595773,0.971404227,
0.1253692336,0.8746307664,0.0285232182,0.9714767818,
0.1253827735,0.8746172265,0.0287482375,0.9712517625,
0.1253260045,0.8746739955,0.0287625453,0.9712374547,
0.1253725982,0.8746274018,0.0281866518,0.9718133482,
0.1253103827,0.8746896173,0.0283722489,0.9716277511,
0.1253184625,0.8746815375,0.0290392355,0.9709607645,
0.1254291508,0.8745708492,0.0283891497,0.9716108503,
0.1253036721,0.8746963279,0.0286726787,0.9713273213,
0.1253100999,0.8746899001,0.0285209451,0.9714790549,
0.1253129342,0.8746870658,0.0279907534,0.9720092466,
0.1252707403,0.8747292597,0.0283007054,0.9716992946,
0.1254178049,0.8745821951,0.0285801108,0.9714198892,
0.1254064,0.8745936,0.0286046257,0.9713953743,
0.1253743379,0.8746256621,0.0282771799,0.9717228201,
0.1254333075,0.8745666925,0.0279466135,0.9720533865,
0.1254591428,0.8745408572,0.0287069592,0.9712930408,
0.1254199557,0.8745800443,0.0286021203,0.9713978797,
0.125463264,0.874536736,0.0287330281,0.9712669719,
0.1252868412,0.8747131588,0.0280573393,0.9719426607,
0.1253519742,0.8746480258,0.0289350887,0.9710649113,
0.125268716,0.874731284,0.0288063055,0.9711936945,
0.1253010499,0.8746989501,0.0282201936,0.9717798064,
0.1253953986,0.8746046014,0.0280577116,0.9719422884,
0.1252878139,0.8747121861,0.028151501,0.971848499,
0.1253990837,0.8746009163,0.0285537681,0.9714462319,
0.1252912525,0.8747087475,0.0287218815,0.9712781185,
0.1255100039,0.8744899961,0.0285239647,0.9714760353,
0.1254704367,0.8745295633,0.028956672,0.971043328,
0.1253040275,0.8746959725,0.0288126501,0.9711873499,
0.125322174,0.874677826,0.0277051067,0.9722948933,
0.1253928882,0.8746071118,0.0290306614,0.9709693386,
0.1253303704,0.8746696296,0.0284581232,0.9715418768,
0.1253436232,0.8746563768,0.0285219183,0.9714780817,
0.1253523745,0.8746476255,0.0280181401,0.9719818599,
0.125450505,0.874549495,0.0279930734,0.9720069266,
0.1254645151,0.8745354849,0.028845042,0.971154958,
0.1251717854,0.8748282146,0.0285851549,0.9714148451,
0.1252785978,0.8747214022,0.0285751559,0.9714248441,
0.1253875802,0.8746124198,0.0285228954,0.9714771046,
0.1253860108,0.8746139892,0.0278665487,0.9721334513,
0.1253306441,0.8746693559,0.0287323679,0.9712676321,
0.1253057262,0.8746942738,0.0284866748,0.9715133252,
0.1253881426,0.8746118574,0.0287409615,0.9712590385,
0.1252572781,0.8747427219,0.0286292989,0.9713707011,
0.1253919492,0.8746080508,0.02826121,0.97173879,
0.1253499501,0.8746500499,0.0283181958,0.9716818042,
0.1253928307,0.8746071693,0.0285370825,0.9714629175,
0.1253198231,0.8746801769,0.0287099782,0.9712900218,
0.1253238463,0.8746761537,0.0280078585,0.9719921415,
0.1253662975,0.8746337025,0.0284609339,0.9715390661,
0.1254129858,0.8745870142,0.0282803305,0.9717196695,
0.1253257375,0.8746742625,0.0292193041,0.9707806959,
0.1253002228,0.8746997772,0.0280990959,0.9719009041,
0.1253947202,0.8746052798,0.0277870251,0.9722129749,
0.1254284484,0.8745715516,0.0285893057,0.9714106943,
0.1254510741,0.8745489259,0.0286073021,0.9713926979,
0.1253953268,0.8746046732,0.0282941041,0.9717058959,
0.1253427163,0.8746572837,0.0288828366,0.9711171634,
0.125389261,0.874610739,0.0287580405,0.9712419595,
0.1253763062,0.8746236938,0.0287347904,0.9712652096,
0.1254178721,0.8745821279,0.0286369621,0.9713630379,
0.1254131049,0.8745868951,0.0281522271,0.9718477729,
0.1254389017,0.8745610983,0.0293075231,0.9706924769,
0.1254643994,0.8745356006,0.0288659794,0.9711340206,
0.1253018515,0.8746981485,0.0280493879,0.9719506121,
0.1253533375,0.8746466625,0.028335554,0.971664446,
0.1255809177,0.8744190823,0.0289841375,0.9710158625,
0.125396457,0.874603543,0.0282659199,0.9717340801,
0.1253456612,0.8746543388,0.0287581563,0.9712418437,
0.1254086706,0.8745913294,0.0286065186,0.9713934814,
0.1253129203,0.8746870797,0.0287371872,0.9712628128,
0.1254108731,0.8745891269,0.0287469621,0.9712530379,
0.1254100323,0.8745899677,0.0286902484,0.9713097516,
0.1254470902,0.8745529098,0.0286465383,0.9713534617,
0.1252259952,0.8747740048,0.028654325,0.971345675,
0.1254247989,0.8745752011,0.0294559286,0.9705440714,
0.1253493826,0.8746506174,0.0284248525,0.9715751475,
0.1254259885,0.8745740115,0.0278221018,0.9721778982,
0.125566653,0.874433347,0.0285327157,0.9714672843,
0.1253380843,0.8746619157,0.0282431188,0.9717568812,
0.1253742121,0.8746257879,0.0283314151,0.9716685849,
0.1253685312,0.8746314688,0.0292065942,0.9707934058,
0.1252763123,0.8747236877,0.0281888175,0.9718111825,
0.1254063373,0.8745936627,0.0288067773,0.9711932227,
0.1253527729,0.8746472271,0.0279133546,0.9720866454,
0.1254135273,0.8745864727,0.0282718572,0.9717281428,
0.1253961612,0.8746038388,0.0296941002,0.9703058998,
0.1253793878,0.8746206122,0.0289064217,0.9710935783,
0.1252979064,0.8747020936,0.0285959424,0.9714040576,
0.1254144297,0.8745855703,0.0288975015,0.9711024985,
0.1252711599,0.8747288401,0.0294769561,0.9705230439,
0.1253222437,0.8746777563,0.0281279755,0.9718720245,
0.1254724865,0.8745275135,0.0285703881,0.9714296119,
0.1252883795,0.8747116205,0.028237991,0.971762009,
0.1253174166,0.8746825834,0.0288418066,0.9711581934,
0.1252752438,0.8747247562,0.0285436499,0.9714563501,
0.1252720219,0.8747279781,0.0292162525,0.9707837475,
0.1254011082,0.8745988918,0.0290345704,0.9709654296,
0.1254000979,0.8745999021,0.0288160857,0.9711839143,
0.1254050765,0.8745949235,0.0286056644,0.9713943356,
0.1254600187,0.8745399813,0.0279382725,0.9720617275,
0.1254557056,0.8745442944,0.0292330698,0.9707669302,
0.1253935757,0.8746064243,0.0284127323,0.9715872677,
0.1254689361,0.8745310639,0.029127481,0.970872519,
0.1252884029,0.8747115971,0.0280585962,0.9719414038,
0.1253097743,0.8746902257,0.0290610873,0.9709389127,
0.1252837717,0.8747162283,0.0283050475,0.9716949525,
0.1253330242,0.8746669758,0.028257317,0.971742683,
0.1253655871,0.8746344129,0.0282799944,0.9717200056,
0.1253060171,0.8746939829,0.0282405878,0.9717594122,
0.1253937254,0.8746062746,0.028402663,0.971597337,
0.1253008599,0.8746991401,0.0288165328,0.9711834672,
0.1254913537,0.8745086463,0.0281515766,0.9718484234,
0.1254661701,0.8745338299,0.0285561436,0.9714438564,
0.125332739,0.874667261,0.0279757979,0.9720242021,
0.12529829,0.87470171,0.0289350701,0.9710649299,
0.1253852561,0.8746147439,0.028246102,0.971753898,
0.1253180678,0.8746819322,0.0282505177,0.9717494823,
0.1253469563,0.8746530437,0.0288514763,0.9711485237,
0.1253986809,0.8746013191,0.0282131007,0.9717868993,
0.1254464838,0.8745535162,0.0284743814,0.9715256186,
0.1254262438,0.8745737562,0.0283275329,0.9716724671,
0.1252098322,0.8747901678,0.0283189061,0.9716810939,
0.1252617788,0.8747382212,0.0284951256,0.9715048744,
0.1253942825,0.8746057175,0.0285299354,0.9714700646,
0.1253544905,0.8746455095,0.0288988566,0.9711011434,
0.1253693244,0.8746306756,0.0282608241,0.9717391759,
0.1252932969,0.8747067031,0.0289591202,0.9710408798,
0.1253792533,0.8746207467,0.0284005354,0.9715994646,
0.125279276,0.874720724,0.0286713433,0.9713286567,
0.1253721599,0.8746278401,0.0279308598,0.9720691402,
0.1253436759,0.8746563241,0.0296635622,0.9703364378,
0.1253817866,0.8746182134,0.0287456172,0.9712543828,
0.1253309038,0.8746690962,0.0287286639,0.9712713361,
0.1253099661,0.8746900339,0.0285532099,0.9714467901,
0.1254150258,0.8745849742,0.0288150958,0.9711849042,
0.1253755527,0.8746244473,0.0285509862,0.9714490138,
0.1253088198,0.8746911802,0.0286185963,0.9713814037,
0.125320316,0.874679684,0.0282635558,0.9717364442,
0.1253469684,0.8746530316,0.0290874137,0.9709125863,
0.125466988,0.874533012,0.0285144265,0.9714855735,
0.1254182617,0.8745817383,0.0291375717,0.9708624283,
0.1254167483,0.8745832517,0.0284405491,0.9715594509,
0.1253182526,0.8746817474,0.0281243956,0.9718756044,
0.1254062893,0.8745937107,0.0287633636,0.9712366364,
0.1253945227,0.8746054773,0.0288258914,0.9711741086,
0.1254031008,0.8745968992,0.0286370997,0.9713629003,
0.1254166262,0.8745833738,0.0280351354,0.9719648646,
0.1254543211,0.8745456789,0.028325947,0.971674053,
0.1254287183,0.8745712817,0.0289785623,0.9710214377,
0.1253135569,0.8746864431,0.0287189986,0.9712810014,
0.1253858304,0.8746141696,0.028532509,0.971467491,
0.1255661498,0.8744338502,0.0289763665,0.9710236335,
0.1253944867,0.8746055133,0.0289880284,0.9710119716,
0.1253506312,0.8746493688,0.0285358236,0.9714641764,
0.1253879902,0.8746120098,0.0284889195,0.9715110805,
0.1252945481,0.8747054519,0.0285542703,0.9714457297,
0.1253998446,0.8746001554,0.0290374778,0.9709625222,
0.1254571612,0.8745428388,0.0280163599,0.9719836401,
0.1254044654,0.8745955346,0.0276811202,0.9723188798,
0.1252450752,0.8747549248,0.0282117532,0.9717882468,
0.1254589117,0.8745410883,0.0284262738,0.9715737262,
0.1253569027,0.8746430973,0.0278600007,0.9721399993,
0.1254019837,0.8745980163,0.0288581921,0.9711418079,
0.1255602437,0.8744397563,0.0286464587,0.9713535413,
0.1253664439,0.8746335561,0.028801729,0.971198271,
0.1253208524,0.8746791476,0.0287377569,0.9712622431,
0.1253624427,0.8746375573,0.0281798487,0.9718201513,
0.1253198825,0.8746801175,0.0287263498,0.9712736502,
0.1254139697,0.8745860303,0.0281102362,0.9718897638,
0.1253017605,0.8746982395,0.0290089226,0.9709910774,
0.1254727453,0.8745272547,0.0280287067,0.9719712933,
0.1253587693,0.8746412307,0.0284610364,0.9715389636,
0.1254044918,0.8745955082,0.0282477602,0.9717522398,
0.1252791062,0.8747208938,0.0285068087,0.9714931913,
0.1253939317,0.8746060683,0.0279250121,0.9720749879,
0.1252706323,0.8747293677,0.0288611134,0.9711388866,
0.1253093304,0.8746906696,0.0283269447,0.9716730553,
0.1254897905,0.8745102095,0.0290053659,0.9709946341,
0.1253162783,0.8746837217,0.0287486025,0.9712513975,
0.1252899497,0.8747100503,0.0288115622,0.9711884378,
0.1252720007,0.8747279993,0.0282007511,0.9717992489,
0.1253266542,0.8746733458,0.0285438413,0.9714561587,
0.125384104,0.874615896,0.0289717134,0.9710282866,
0.1253891702,0.8746108298,0.0286051761,0.9713948239,
0.1253798994,0.8746201006,0.0275576359,0.9724423641,
0.1254973698,0.8745026302,0.0283097201,0.9716902799,
0.1254658084,0.8745341916,0.0287452527,0.9712547473,
0.1253785453,0.8746214547,0.0282579076,0.9717420924,
0.1254588279,0.8745411721,0.0285636618,0.9714363382,
0.1253246379,0.8746753621,0.0284028111,0.9715971889,
0.1252696615,0.8747303385,0.0282919977,0.9717080023,
0.1252922177,0.8747077823,0.0282797367,0.9717202633,
0.1253411589,0.8746588411,0.0285542672,0.9714457328,
0.1253421712,0.8746578288,0.0282267183,0.9717732817,
0.1253332946,0.8746667054,0.0287697688,0.9712302312,
0.1253213984,0.8746786016,0.0288301502,0.9711698498,
0.1253988578,0.8746011422,0.0290301595,0.9709698405,
0.1254499465,0.8745500535,0.0282887804,0.9717112196,
0.1254942837,0.8745057163,0.0279400266,0.9720599734,
0.1252901913,0.8747098087,0.0291863825,0.9708136175,
0.1252802219,0.8747197781,0.0283682368,0.9716317632,
0.1254180023,0.8745819977,0.0280805372,0.9719194628,
0.125319299,0.874680701,0.0280387051,0.9719612949,
0.1253298568,0.8746701432,0.0291474311,0.9708525689,
0.1253657915,0.8746342085,0.0281395959,0.9718604041,
0.1254695926,0.8745304074,0.0286549097,0.9713450903,
0.1254198731,0.8745801269,0.0290333379,0.9709666621,
0.1252366526,0.8747633474,0.0282184267,0.9717815733,
0.1252473297,0.8747526703,0.028347776,0.971652224,
0.1253900445,0.8746099555,0.0290452978,0.9709547022,
0.1253211559,0.8746788441,0.0288050597,0.9711949403,
0.1253869352,0.8746130648,0.0293254826,0.9706745174,
0.1253552608,0.8746447392,0.0283200151,0.9716799849,
0.125333675,0.874666325,0.0289844514,0.9710155486,
0.125275507,0.874724493,0.0286239303,0.9713760697,
0.125396473,0.874603527,0.0282129365,0.9717870635,
0.1253450205,0.8746549795,0.0284823482,0.9715176518,
0.1253511257,0.8746488743,0.0284537429,0.9715462571,
0.125327038,0.874672962,0.0283448783,0.9716551217,
0.1253223705,0.8746776295,0.028572025,0.971427975,
0.125399638,0.874600362,0.0282908777,0.9717091223,
0.1254034548,0.8745965452,0.0279911266,0.9720088734,
0.1252855358,0.8747144642,0.0287127575,0.9712872425,
0.1253435525,0.8746564475,0.0280691141,0.9719308859,
0.1253550906,0.8746449094,0.0288131789,0.9711868211,
0.1254838882,0.8745161118,0.028158587,0.971841413,
0.1254013916,0.8745986084,0.0284874046,0.9715125954,
0.1254015145,0.8745984855,0.0285249258,0.9714750742,
0.1252753995,0.8747246005,0.0289436432,0.9710563568,
0.1254714436,0.8745285564,0.0282410473,0.9717589527,
0.1254016865,0.8745983135,0.0287463596,0.9712536404,
0.1254135396,0.8745864604,0.0280285959,0.9719714041,
0.1253809455,0.8746190545,0.0288713911,0.9711286089,
0.1254744576,0.8745255424,0.0284397706,0.9715602294,
0.1254320275,0.8745679725,0.0286265195,0.9713734805,
0.1253112914,0.8746887086,0.0279220779,0.9720779221,
0.1253796908,0.8746203092,0.0278166532,0.9721833468,
0.1255516641,0.8744483359,0.0283275004,0.9716724996,
0.1253825583,0.8746174417,0.0286577817,0.9713422183,
0.1253556771,0.8746443229,0.0284514561,0.9715485439,
0.1254038305,0.8745961695,0.0284717005,0.9715282995,
0.1253193255,0.8746806745,0.029093292,0.970906708,
0.125431263,0.874568737,0.0289845256,0.9710154744,
0.125396226,0.874603774,0.0281430122,0.9718569878,
0.1254082006,0.8745917994,0.0284861695,0.9715138305,
0.1252229341,0.8747770659,0.0282649224,0.9717350776,
0.1254866589,0.8745133411,0.0287390581,0.9712609419,
0.1253887579,0.8746112421,0.0286105464,0.9713894536,
0.1254199531,0.8745800469,0.0282692167,0.9717307833,
0.1255335987,0.8744664013,0.0284459558,0.9715540442,
0.1253335635,0.8746664365,0.0280394843,0.9719605157,
0.1253625952,0.8746374048,0.028428985,0.971571015,
0.1253633062,0.8746366938,0.0281739697,0.9718260303,
0.1252929367,0.8747070633,0.0288895969,0.9711104031,
0.1254412869,0.8745587131,0.0287584499,0.9712415501,
0.1252879598,0.8747120402,0.0282373194,0.9717626806,
0.1254472596,0.8745527404,0.0286883528,0.9713116472,
0.125367084,0.874632916,0.0284224373,0.9715775627,
0.1254016065,0.8745983935,0.0290120557,0.9709879443,
0.1252781269,0.8747218731,0.0279366602,0.9720633398,
0.125384751,0.874615249,0.0282540348,0.9717459652,
0.1252690986,0.8747309014,0.02825567,0.97174433,
0.1253322177,0.8746677823,0.0284580647,0.9715419353,
0.125498004,0.874501996,0.0284213665,0.9715786335,
0.1252709744,0.8747290256,0.0284916406,0.9715083594,
0.1253121398,0.8746878602,0.0286757723,0.9713242277,
0.1252824618,0.8747175382,0.0291916168,0.9708083832,
0.1253518964,0.8746481036,0.0287230379,0.9712769621,
0.1253390233,0.8746609767,0.028475151,0.971524849,
0.1253976498,0.8746023502,0.0286191944,0.9713808056,
0.1253758715,0.8746241285,0.0284521149,0.9715478851,
0.1254971711,0.8745028289,0.0280342059,0.9719657941,
0.1254786895,0.8745213105,0.0278271912,0.9721728088,
0.1254119666,0.8745880334,0.0281543165,0.9718456835,
0.1254038615,0.8745961385,0.0279116896,0.9720883104,
0.1253481166,0.8746518834,0.0284835419,0.9715164581,
0.1252338662,0.8747661338,0.0290920733,0.9709079267,
0.1253080823,0.8746919177,0.0288202461,0.9711797539,
0.1253489291,0.8746510709,0.0279808275,0.9720191725,
0.1253326463,0.8746673537,0.0278921782,0.9721078218,
0.1253271095,0.8746728905,0.028662237,0.971337763,
0.1253224488,0.8746775512,0.0283355855,0.9716644145,
0.125424585,0.874575415,0.0281532889,0.9718467111,
0.1254788179,0.8745211821,0.028350502,0.971649498,
0.1254737441,0.8745262559,0.0285675433,0.9714324567,
0.1252666871,0.8747333129,0.0284951678,0.9715048322,
0.1252698604,0.8747301396,0.0284166089,0.9715833911,
0.1254585109,0.8745414891,0.0286182677,0.9713817323,
0.1253276579,0.8746723421,0.0288200535,0.9711799465,
0.1252769297,0.8747230703,0.0282730046,0.9717269954,
0.1253884495,0.8746115505,0.0282405611,0.9717594389,
0.1254603279,0.8745396721,0.0291768575,0.9708231425,
0.1253994031,0.8746005969,0.0288608502,0.9711391498,
0.1252119024,0.8747880976,0.0282056766,0.9717943234,
0.1253141734,0.8746858266,0.0289795553,0.9710204447,
0.1254052378,0.8745947622,0.0288473119,0.9711526881,
0.1253004408,0.8746995592,0.0282728041,0.9717271959,
0.1253940682,0.8746059318,0.0283703587,0.9716296413,
0.1253223001,0.8746776999,0.0283289398,0.9716710602,
0.125359081,0.874640919,0.0286792334,0.9713207666,
0.1252299507,0.8747700493,0.0292069045,0.9707930955,
0.1253889211,0.8746110789,0.0288580206,0.9711419794,
0.1253361606,0.8746638394,0.0290350529,0.9709649471,
0.1253372313,0.8746627687,0.0292202494,0.9707797506,
0.1254050701,0.8745949299,0.0280552492,0.9719447508,
0.1252833879,0.8747166121,0.0278882372,0.9721117628,
0.1254334397,0.8745665603,0.0285706824,0.9714293176,
0.1253780674,0.8746219326,0.029180273,0.970819727,
0.1252571789,0.8747428211,0.02833455,0.97166545,
0.1253706135,0.8746293865,0.0287095341,0.9712904659,
0.1253159907,0.8746840093,0.0284465605,0.9715534395,
0.1255496426,0.8744503574,0.0283727341,0.9716272659,
0.1253641362,0.8746358638,0.0282004973,0.9717995027,
0.1253928702,0.8746071298,0.0279070497,0.9720929503,
0.1253320754,0.8746679246,0.0283345032,0.9716654968,
0.1254366619,0.8745633381,0.0282450599,0.9717549401,
0.1254007632,0.8745992368,0.0292298897,0.9707701103,
0.1254523959,0.8745476041,0.0284389344,0.9715610656,
0.1253507833,0.8746492167,0.0292828465,0.9707171535,
0.1254602994,0.8745397006,0.0290792189,0.9709207811,
0.125418586,0.874581414,0.0286967753,0.9713032247,
0.1253116446,0.8746883554,0.0281775743,0.9718224257,
0.1254292448,0.8745707552,0.0286123258,0.9713876742,
0.1255098595,0.8744901405,0.0285697783,0.9714302217,
0.1253592265,0.8746407735,0.028789347,0.971210653,
0.1253681483,0.8746318517,0.0287366273,0.9712633727,
0.1253873603,0.8746126397,0.0283076633,0.9716923367,
0.1253137485,0.8746862515,0.0281747781,0.9718252219,
0.125433588,0.874566412,0.028130681,0.971869319,
0.1254186568,0.8745813432,0.0281964025,0.9718035975,
0.1253958357,0.8746041643,0.0288129464,0.9711870536,
0.1252377813,0.8747622187,0.0289352154,0.9710647846,
0.1254532535,0.8745467465,0.027920978,0.972079022,
0.1253884212,0.8746115788,0.0279279467,0.9720720533,
0.1254805197,0.8745194803,0.0284395489,0.9715604511,
0.1255042734,0.8744957266,0.0289239514,0.9710760486,
0.1253166449,0.8746833551,0.0285920016,0.9714079984,
0.1253865466,0.8746134534,0.0286818636,0.9713181364,
0.1253338951,0.8746661049,0.0283245696,0.9716754304,
0.125313657,0.874686343,0.0284595913,0.9715404087,
0.1254720362,0.8745279638,0.0289651693,0.9710348307,
0.1252557676,0.8747442324,0.028920971,0.971079029,
0.1254499821,0.8745500179,0.0284065597,0.9715934403,
0.1253225587,0.8746774413,0.0292407732,0.9707592268,
0.1254494724,0.8745505276,0.0280841788,0.9719158212,
0.1252606307,0.8747393693,0.0286341069,0.9713658931,
0.125365292,0.874634708,0.0279927652,0.9720072348,
0.125289097,0.874710903,0.028721554,0.971278446,
0.1253614267,0.8746385733,0.0281687922,0.9718312078,
0.1254528852,0.8745471148,0.0288031159,0.9711968841,
0.1252503254,0.8747496746,0.0284598739,0.9715401261,
0.125338715,0.874661285,0.028717137,0.971282863,
0.1252704402,0.8747295598,0.0283893121,0.9716106879,
0.1253324577,0.8746675423,0.0283628681,0.9716371319,
0.1253415977,0.8746584023,0.0282995255,0.9717004745,
0.1254194826,0.8745805174,0.0288249967,0.9711750033,
0.1254250666,0.8745749334,0.0286251862,0.9713748138,
0.1255017062,0.8744982938,0.0285907284,0.9714092716,
0.1254168684,0.8745831316,0.0286884384,0.9713115616,
0.1254518641,0.8745481359,0.0284388635,0.9715611365,
0.1253170923,0.8746829077,0.0286653814,0.9713346186,
0.1253936565,0.8746063435,0.0276608665,0.9723391335,
0.1252531196,0.8747468804,0.0279100036,0.9720899964,
0.1253052741,0.8746947259,0.0285576424,0.9714423576,
0.1253282467,0.8746717533,0.0278141999,0.9721858001,
0.1253714035,0.8746285965,0.0290306674,0.9709693326,
0.1252894862,0.8747105138,0.0284290168,0.9715709832,
0.1253323778,0.8746676222,0.0284927772,0.9715072228,
0.1254351343,0.8745648657,0.0287434208,0.9712565792,
0.1254631711,0.8745368289,0.0280146227,0.9719853773,
0.125428356,0.874571644,0.0278384365,0.9721615635,
0.1253229019,0.8746770981,0.0288747346,0.9711252654,
0.1252714121,0.8747285879,0.0284420613,0.9715579387,
0.1254000675,0.8745999325,0.0279795127,0.9720204873,
0.1253890281,0.8746109719,0.0283391284,0.9716608716,
0.1252449351,0.8747550649,0.0289188439,0.9710811561,
0.1254059787,0.8745940213,0.0291035479,0.9708964521,
0.1254717816,0.8745282184,0.0281530587,0.9718469413,
0.1253591544,0.8746408456,0.0281202375,0.9718797625,
0.1252173347,0.8747826653,0.0292612093,0.9707387907,
0.1253339834,0.8746660166,0.0287378844,0.9712621156,
0.1253837514,0.8746162486,0.0281486677,0.9718513323,
0.1253206196,0.8746793804,0.0287710775,0.9712289225,
0.1254030364,0.8745969636,0.0283786757,0.9716213243,
0.1253358489,0.8746641511,0.0282022945,0.9717977055,
0.1253513203,0.8746486797,0.0286051528,0.9713948472,
0.1252462291,0.8747537709,0.028733517,0.971266483,
0.1253926513,0.8746073487,0.0284561989,0.9715438011,
0.1253500359,0.8746499641,0.028429487,0.971570513,
0.1253150842,0.8746849158,0.0290002517,0.9709997483,
0.1253981565,0.8746018435,0.0281899498,0.9718100502,
0.1252888567,0.8747111433,0.0284840783,0.9715159217,
0.125411622,0.874588378,0.0284740135,0.9715259865,
0.1253980084,0.8746019916,0.0286290407,0.9713709593,
0.125265908,0.874734092,0.0289148424,0.9710851576,
0.1253403282,0.8746596718,0.0282839172,0.9717160828,
0.1253159452,0.8746840548,0.0291129041,0.9708870959,
0.1255617468,0.8744382532,0.0281820608,0.9718179392,
0.1253910085,0.8746089915,0.0286430286,0.9713569714,
0.1253792923,0.8746207077,0.0284621854,0.9715378146,
0.1253285199,0.8746714801,0.0288230459,0.9711769541,
0.1254439952,0.8745560048,0.0281916233,0.9718083767,
0.125380033,0.874619967,0.0285427828,0.9714572172,
0.125470081,0.874529919,0.0288223948,0.9711776052,
0.1253482995,0.8746517005,0.0282557081,0.9717442919,
0.1254902047,0.8745097953,0.0281475966,0.9718524034,
0.1254030364,0.8745969636,0.0286579403,0.9713420597,
0.1252882795,0.8747117205,0.0284592583,0.9715407417,
0.1254498586,0.8745501414,0.0281855549,0.9718144451,
0.1255083132,0.8744916868,0.0287445252,0.9712554748,
0.1253773666,0.8746226334,0.0287334771,0.9712665229,
0.1253340145,0.8746659855,0.0282822565,0.9717177435,
0.1254112176,0.8745887824,0.0290634529,0.9709365471,
0.125345982,0.874654018,0.028902672,0.971097328,
0.1254102984,0.8745897016,0.0281953215,0.9718046785,
0.1254029783,0.8745970217,0.0285492736,0.9714507264,
0.1253597356,0.8746402644,0.029165834,0.970834166,
0.1252647254,0.8747352746,0.0294858963,0.9705141037,
0.1254235008,0.8745764992,0.0286843054,0.9713156946,
0.1254009612,0.8745990388,0.0286597315,0.9713402685,
0.1255070194,0.8744929806,0.0289553112,0.9710446888,
0.1254291796,0.8745708204,0.0275950072,0.9724049928,
0.1253857848,0.8746142152,0.029153654,0.970846346,
0.1253802331,0.8746197669,0.0285606442,0.9714393558,
0.1252976737,0.8747023263,0.0290653197,0.9709346803,
0.1253358393,0.8746641607,0.0286707984,0.9713292016,
0.1254407862,0.8745592138,0.0288645893,0.9711354107,
0.1253007417,0.8746992583,0.0288558884,0.9711441116,
0.1254617039,0.8745382961,0.0287546133,0.9712453867,
0.1252705529,0.8747294471,0.0280004843,0.9719995157,
0.125460746,0.874539254,0.0287445643,0.9712554357,
0.12526039,0.87473961,0.0291646821,0.9708353179,
0.1253536173,0.8746463827,0.0287613058,0.9712386942,
0.1253114305,0.8746885695,0.0289179397,0.9710820603,
0.1253804943,0.8746195057,0.028691334,0.971308666,
0.1254284712,0.8745715288,0.0283640471,0.9716359529,
0.1252738234,0.8747261766,0.0288618757,0.9711381243,
0.1253087057,0.8746912943,0.0284552419,0.9715447581,
0.1252748655,0.8747251345,0.0286342226,0.9713657774,
0.1253585613,0.8746414387,0.0286106408,0.9713893592,
0.1253367715,0.8746632285,0.0283694244,0.9716305756,
0.1254022223,0.8745977777,0.0281886921,0.9718113079,
0.1254416777,0.8745583223,0.0290689774,0.9709310226,
0.1254605849,0.8745394151,0.0280829576,0.9719170424,
0.1254402142,0.8745597858,0.028477368,0.971522632,
0.1254490906,0.8745509094,0.0290673019,0.9709326981,
0.1253101119,0.8746898881,0.0287584437,0.9712415563,
0.1253780482,0.8746219518,0.0283303068,0.9716696932,
0.1252495342,0.8747504658,0.0289523929,0.9710476071,
0.1253140402,0.8746859598,0.0286143708,0.9713856292,
0.125353517,0.874646483,0.0285004194,0.9714995806,
0.1253484905,0.8746515095,0.0293097715,0.9706902285,
0.125314491,0.874685509,0.0294818593,0.9705181407,
0.1253165771,0.8746834229,0.0283243982,0.9716756018,
0.1254468236,0.8745531764,0.0290381125,0.9709618875,
0.1254649809,0.8745350191,0.0283494253,0.9716505747,
0.1254057339,0.8745942661,0.0280959801,0.9719040199,
0.1253181361,0.8746818639,0.0282104272,0.9717895728,
0.1253196576,0.8746803424,0.0283442775,0.9716557225,
0.1253423838,0.8746576162,0.0290635317,0.9709364683,
0.1254044186,0.8745955814,0.0282848535,0.9717151465,
0.1252624371,0.8747375629,0.0276691286,0.9723308714,
0.1254111633,0.8745888367,0.0287956749,0.9712043251,
0.1254551037,0.8745448963,0.0285442386,0.9714557614,
0.1253267747,0.8746732253,0.0288095288,0.9711904712,
0.125242295,0.874757705,0.0285714286,0.9714285714,
0.1253559341,0.8746440659,0.0282457957,0.9717542043,
0.1253802248,0.8746197752,0.0285194876,0.9714805124,
0.1253024074,0.8746975926,0.0285829751,0.9714170249,
0.1253389185,0.8746610815,0.0282634492,0.9717365508,
0.1254211225,0.8745788775,0.0285503863,0.9714496137,
0.1252901331,0.8747098669,0.0287586994,0.9712413006,
0.1253276919,0.8746723081,0.028315149,0.971684851,
0.1253614054,0.8746385946,0.0285553041,0.9714446959,
0.1253393485,0.8746606515,0.0282734184,0.9717265816,
0.1252821757,0.8747178243,0.0292224315,0.9707775685,
0.1254748416,0.8745251584,0.0284473889,0.9715526111,
0.1252761157,0.8747238843,0.0282790197,0.9717209803,
0.1253677217,0.8746322783,0.0281106766,0.9718893234,
0.1253931769,0.8746068231,0.0288957418,0.9711042582,
0.1252761339,0.8747238661,0.028774151,0.971225849,
0.1253766597,0.8746233403,0.0279721012,0.9720278988,
0.125366257,0.874633743,0.0288557162,0.9711442838,
0.1254877426,0.8745122574,0.0282000788,0.9717999212,
0.1253887674,0.8746112326,0.0284079008,0.9715920992,
0.1254426361,0.8745573639,0.028482904,0.971517096,
0.1252836149,0.8747163851,0.0288770725,0.9711229275,
0.1254277242,0.8745722758,0.0287209968,0.9712790032,
0.1253908203,0.8746091797,0.0286165353,0.9713834647,
0.1254510237,0.8745489763,0.0281972764,0.9718027236,
0.1253777804,0.8746222196,0.028472663,0.971527337,
0.1254584991,0.8745415009,0.0282550652,0.9717449348,
0.1253822379,0.8746177621,0.0284598943,0.9715401057,
0.1253368015,0.8746631985,0.0280607695,0.9719392305,
0.1254562239,0.8745437761,0.0281663496,0.9718336504,
0.1254754316,0.8745245684,0.029053702,0.970946298,
0.1253485795,0.8746514205,0.0291155936,0.9708844064,
0.1253709658,0.8746290342,0.0289372049,0.9710627951,
0.1254034169,0.8745965831,0.0293339871,0.9706660129,
0.1253451892,0.8746548108,0.0284804463,0.9715195537,
0.125404851,0.874595149,0.0279536558,0.9720463442,
0.1254114728,0.8745885272,0.0288143055,0.9711856945,
0.125329726,0.874670274,0.0286846159,0.9713153841,
0.1252890711,0.8747109289,0.0288071664,0.9711928336,
0.1254568524,0.8745431476,0.0285332775,0.9714667225,
0.1253810753,0.8746189247,0.0283396987,0.9716603013,
0.1255096221,0.8744903779,0.0288528142,0.9711471858,
0.125394168,0.874605832,0.0290813024,0.9709186976,
0.12540688,0.87459312,0.0287002592,0.9712997408,
0.1253983555,0.8746016445,0.0287501831,0.9712498169,
0.1252613537,0.8747386463,0.0278090373,0.9721909627,
0.1253639783,0.8746360217,0.0284349982,0.9715650018,
0.1253892533,0.8746107467,0.0286428959,0.9713571041,
0.1253757165,0.8746242835,0.0288823446,0.9711176554,
0.1254257132,0.8745742868,0.0284961611,0.9715038389,
0.125324113,0.874675887,0.0283845077,0.9716154923,
0.1254238304,0.8745761696,0.0292682161,0.9707317839,
0.1253178928,0.8746821072,0.0281047598,0.9718952402,
0.1252603062,0.8747396938,0.028358725,0.971641275,
0.1253768278,0.8746231722,0.0284385236,0.9715614764,
0.1253628856,0.8746371144,0.0284490782,0.9715509218,
0.1253939294,0.8746060706,0.0287348196,0.9712651804,
0.1252420813,0.8747579187,0.0289299847,0.9710700153,
0.1253809439,0.8746190561,0.0285144357,0.9714855643,
0.1252237807,0.8747762193,0.0280852314,0.9719147686,
0.1254034833,0.8745965167,0.028904918,0.971095082,
0.1253061748,0.8746938252,0.0278305302,0.9721694698,
0.1254185658,0.8745814342,0.0284797012,0.9715202988,
0.125451297,0.874548703,0.0280986001,0.9719013999,
0.1254512532,0.8745487468,0.029047689,0.970952311,
0.1254383617,0.8745616383,0.0286111067,0.9713888933,
0.125483349,0.874516651,0.0285778087,0.9714221913,
0.1252690578,0.8747309422,0.028503364,0.971496636,
0.1253632589,0.8746367411,0.028491626,0.971508374,
0.125301298,0.874698702,0.0279147007,0.9720852993,
0.1252594369,0.8747405631,0.0285391309,0.9714608691,
0.1253937278,0.8746062722,0.0282895082,0.9717104918,
0.1253296324,0.8746703676,0.0281722086,0.9718277914,
0.1253083483,0.8746916517,0.0286351336,0.9713648664,
0.1253319457,0.8746680543,0.0285646849,0.9714353151,
0.1254521912,0.8745478088,0.0287524469,0.9712475531,
0.1254576727,0.8745423273,0.0285970177,0.9714029823,
0.1253664832,0.8746335168,0.0286825628,0.9713174372,
0.1253515853,0.8746484147,0.0290745744,0.9709254256,
0.1253185239,0.8746814761,0.0284123642,0.9715876358,
0.1253614293,0.8746385707,0.0290392063,0.9709607937,
0.1253579301,0.8746420699,0.0280517169,0.9719482831,
0.1252964435,0.8747035565,0.0284604416,0.9715395584,
0.1254188536,0.8745811464,0.0286644064,0.9713355936,
0.125421266,0.874578734,0.0283988389,0.9716011611,
0.1253541574,0.8746458426,0.0291073297,0.9708926703,
0.1252013484,0.8747986516,0.0277573297,0.9722426703,
0.1253772436,0.8746227564,0.0288242174,0.9711757826,
0.1254218012,0.8745781988,0.0286168271,0.9713831729,
0.1252412151,0.8747587849,0.0289630001,0.9710369999,
0.125366264,0.874633736,0.0283422684,0.9716577316,
0.1254307272,0.8745692728,0.0276814612,0.9723185388,
0.1252825045,0.8747174955,0.028064923,0.971935077,
0.1253624734,0.8746375266,0.0287171103,0.9712828897,
0.1253295045,0.8746704955,0.0290496596,0.9709503404,
0.1253512944,0.8746487056,0.0286726296,0.9713273704,
0.125303689,0.874696311,0.0285858655,0.9714141345,
0.1253910526,0.8746089474,0.0286241632,0.9713758368,
0.1253530857,0.8746469143,0.0292965272,0.9707034728,
0.1253496378,0.8746503622,0.0286042571,0.9713957429,
0.1253495161,0.8746504839,0.0279955384,0.9720044616,
0.1253321718,0.8746678282,0.0279565156,0.9720434844,
0.125368878,0.874631122,0.0287685423,0.9712314577,
0.1253818362,0.8746181638,0.028790636,0.971209364,
0.1254392598,0.8745607402,0.0285793957,0.9714206043,
0.1253913257,0.8746086743,0.0288899911,0.9711100089,
0.1254379609,0.8745620391,0.0287752788,0.9712247212,
0.1253073136,0.8746926864,0.0282952171,0.9717047829,
0.1254285879,0.8745714121,0.028314812,0.971685188,
0.125434046,0.874565954,0.0286726838,0.9713273162,
0.1253993977,0.8746006023,0.0289580471,0.9710419529,
0.1253737362,0.8746262638,0.028161805,0.971838195,
0.1254273057,0.8745726943,0.0283832449,0.9716167551,
0.1253899507,0.8746100493,0.0285615462,0.9714384538,
0.1253022338,0.8746977662,0.0281418011,0.9718581989,
0.1255279557,0.8744720443,0.0283565207,0.9716434793,
0.1254827309,0.8745172691,0.0282070996,0.9717929004,
0.1253374893,0.8746625107,0.0285549103,0.9714450897,
0.125366143,0.874633857,0.028150578,0.971849422,
0.1253740879,0.8746259121,0.0284916436,0.9715083564,
0.1253743992,0.8746256008,0.0287806853,0.9712193147,
0.1254037974,0.8745962026,0.0288774184,0.9711225816,
0.1254452587,0.8745547413,0.0286708894,0.9713291106,
0.1252577503,0.8747422497,0.0282377439,0.9717622561,
0.12535312,0.87464688,0.0291032556,0.9708967444,
0.1254351962,0.8745648038,0.0285098076,0.9714901924,
0.1253587329,0.8746412671,0.0289957679,0.9710042321,
0.1255412458,0.8744587542,0.0285340451,0.9714659549,
0.1253674855,0.8746325145,0.0296207345,0.9703792655,
0.1253732271,0.8746267729,0.0286236522,0.9713763478,
0.1254447472,0.8745552528,0.0284737862,0.9715262138,
0.125249713,0.874750287,0.0288671711,0.9711328289,
0.1253283862,0.8746716138,0.0282086411,0.9717913589,
0.1254194525,0.8745805475,0.0284390009,0.9715609991,
0.1254055775,0.8745944225,0.0285080223,0.9714919777,
0.1254141874,0.8745858126,0.0284497178,0.9715502822,
0.1253068176,0.8746931824,0.0280328838,0.9719671162,
0.1253815081,0.8746184919,0.0286558874,0.9713441126,
0.1253469811,0.8746530189,0.0286876024,0.9713123976,
0.1253074316,0.8746925684,0.0278853032,0.9721146968,
0.1253237529,0.8746762471,0.0282981288,0.9717018712,
0.1253885139,0.8746114861,0.0286659953,0.9713340047,
0.1253869714,0.8746130286,0.0281760901,0.9718239099,
0.1252622677,0.8747377323,0.0284431843,0.9715568157,
0.1253543058,0.8746456942,0.0277712205,0.9722287795,
0.1252177248,0.8747822752,0.0285268975,0.9714731025,
0.1254362475,0.8745637525,0.0281035976,0.9718964024,
0.1253385373,0.8746614627,0.0286394669,0.9713605331,
0.1254104822,0.8745895178,0.0281655297,0.9718344703,
0.1254187417,0.8745812583,0.0282984831,0.9717015169,
0.1254631143,0.8745368857,0.0287827785,0.9712172215,
0.1254095881,0.8745904119,0.0282668262,0.9717331738,
0.1254911923,0.8745088077,0.0286949541,0.9713050459,
0.1252738394,0.8747261606,0.0284857807,0.9715142193,
0.1253546224,0.8746453776,0.0292108228,0.9707891772,
0.1252958758,0.8747041242,0.028400449,0.971599551,
0.1252646313,0.8747353687,0.0288467074,0.9711532926,
0.1253881941,0.8746118059,0.0288572387,0.9711427613,
0.1252898536,0.8747101464,0.0278286996,0.9721713004,
0.125369857,0.874630143,0.0286679496,0.9713320504,
0.1253113137,0.8746886863,0.0287041742,0.9712958258,
0.1254650454,0.8745349546,0.0288470126,0.9711529874,
0.1254512177,0.8745487823,0.0283151981,0.9716848019,
0.1253488524,0.8746511476,0.0285652479,0.9714347521,
0.1253334748,0.8746665252,0.0289835359,0.9710164641,
0.1253776695,0.8746223305,0.0283819309,0.9716180691,
0.1253437231,0.8746562769,0.0288569768,0.9711430232,
0.1253580227,0.8746419773,0.0286842685,0.9713157315,
0.1253096699,0.8746903301,0.0288586201,0.9711413799,
0.1254234562,0.8745765438,0.0283640225,0.9716359775,
0.1253992474,0.8746007526,0.0284166728,0.9715833272,
0.1253535478,0.8746464522,0.0284237862,0.9715762138,
0.1252294996,0.8747705004,0.0281681245,0.9718318755,
0.1253812538,0.8746187462,0.0283930898,0.9716069102,
0.1253933472,0.8746066528,0.0289152195,0.9710847805,
0.1252730239,0.8747269761,0.0285037124,0.9714962876,
0.1253321119,0.8746678881,0.0288716121,0.9711283879,
0.1254232144,0.8745767856,0.0281160027,0.9718839973,
0.1252426626,0.8747573374,0.0286581485,0.9713418515,
0.1253994512,0.8746005488,0.0284860318,0.9715139682,
0.1253357815,0.8746642185,0.0289542778,0.9710457222,
0.1253570864,0.8746429136,0.0284170492,0.9715829508,
0.1253142257,0.8746857743,0.0291169777,0.9708830223,
0.1253345233,0.8746654767,0.028648592,0.971351408,
0.1253818808,0.8746181192,0.028606444,0.971393556,
0.1254084518,0.8745915482,0.0288604598,0.9711395402,
0.1252911252,0.8747088748,0.0292326814,0.9707673186,
0.125317655,0.874682345,0.0283865933,0.9716134067,
0.1253787218,0.8746212782,0.0286817952,0.9713182048,
0.1254042195,0.8745957805,0.0284985113,0.9715014887,
0.1254106407,0.8745893593,0.0286763356,0.9713236644,
0.1254442059,0.8745557941,0.0288088147,0.9711911853,
0.1253610603,0.8746389397,0.0282071587,0.9717928413,
0.1253470354,0.8746529646,0.029327821,0.970672179,
0.1254262908,0.8745737092,0.0292203536,0.9707796464,
0.1254103321,0.8745896679,0.0282338354,0.9717661646,
0.1254187896,0.8745812104,0.0283398041,0.9716601959,
0.1253632443,0.8746367557,0.029105069,0.970894931,
0.125464179,0.874535821,0.0290190671,0.9709809329,
0.1253424936,0.8746575064,0.0287038012,0.9712961988,
0.1253078936,0.8746921064,0.0286652216,0.9713347784,
0.1256070536,0.8743929464,0.0288049233,0.9711950767,
0.1254047918,0.8745952082,0.0288539166,0.9711460834,
0.1253158367,0.8746841633,0.0291142959,0.9708857041,
0.1254003544,0.8745996456,0.0282541667,0.9717458333,
0.1253781717,0.8746218283,0.0282838955,0.9717161045,
0.1253210558,0.8746789442,0.0291431331,0.9708568669,
0.1254541798,0.8745458202,0.0288077297,0.9711922703,
0.1254097076,0.8745902924,0.0286313069,0.9713686931,
0.1253007433,0.8746992567,0.0284525256,0.9715474744,
0.1253141171,0.8746858829,0.0286612815,0.9713387185,
0.1254283014,0.8745716986,0.0289580272,0.9710419728,
0.1254026098,0.8745973902,0.0279567406,0.9720432594,
0.1255238185,0.8744761815,0.0289322401,0.9710677599,
0.125391211,0.874608789,0.0286368002,0.9713631998,
0.125364466,0.874635534,0.0284602287,0.9715397713,
0.1254603916,0.8745396084,0.028252698,0.971747302,
0.1252166424,0.8747833576,0.0282706672,0.9717293328,
0.1253647493,0.8746352507,0.0281845727,0.9718154273,
0.125382634,0.874617366,0.0285457583,0.9714542417,
0.1254029669,0.8745970331,0.0283612449,0.9716387551,
0.1253879872,0.8746120128,0.0291616678,0.9708383322,
0.1253323247,0.8746676753,0.0294941671,0.9705058329,
0.1253582339,0.8746417661,0.0282617946,0.9717382054,
0.1253574308,0.8746425692,0.0286206915,0.9713793085,
0.1253324772,0.8746675228,0.0284723279,0.9715276721,
0.1253384799,0.8746615201,0.0288506625,0.9711493375,
0.1253742652,0.8746257348,0.0295509023,0.9704490977,
0.1253299375,0.8746700625,0.0288504844,0.9711495156,
0.1252781171,0.8747218829,0.0283421,0.9716579,
0.1253230605,0.8746769395,0.0283391881,0.9716608119,
0.1252213824,0.8747786176,0.0293457175,0.9706542825,
0.1254456674,0.8745543326,0.0284094181,0.9715905819,
0.125359419,0.874640581,0.0281594741,0.9718405259,
0.1254088589,0.8745911411,0.0285485718,0.9714514282,
0.1254027371,0.8745972629,0.0282931015,0.9717068985,
0.1254815171,0.8745184829,0.0291659667,0.9708340333,
0.1254028366,0.8745971634,0.028665209,0.971334791,
0.1255041927,0.8744958073,0.0279382418,0.9720617582,
0.1252737542,0.8747262458,0.028685309,0.971314691,
0.1253613177,0.8746386823,0.0285870433,0.9714129567,
0.1252723329,0.8747276671,0.0283222343,0.9716777657,
0.1252720616,0.8747279384,0.028560905,0.971439095,
0.1254318586,0.8745681414,0.0279042922,0.9720957078,
0.125257728,0.874742272,0.0279585721,0.9720414279,
0.1253861162,0.8746138838,0.0283985151,0.9716014849,
0.1252747507,0.8747252493,0.0289360144,0.9710639856,
0.125456867,0.874543133,0.0291481694,0.9708518306,
0.1254924135,0.8745075865,0.0284770362,0.9715229638,
0.1253245194,0.8746754806,0.0287913788,0.9712086212,
0.1253207889,0.8746792111,0.0285540545,0.9714459455,
0.1254244914,0.8745755086,0.0282006502,0.9717993498,
0.12532232,0.87467768,0.0280059904,0.9719940096,
0.1253737922,0.8746262078,0.0289172937,0.9710827063,
0.1253124854,0.8746875146,0.027342558,0.972657442,
0.1254140686,0.8745859314,0.0284063276,0.9715936724,
0.1254106418,0.8745893582,0.0294541989,0.9705458011,
0.1253225371,0.8746774629,0.0284870181,0.9715129819,
0.125236617,0.874763383,0.0283255948,0.9716744052,
0.1253814283,0.8746185717,0.0289709765,0.9710290235,
0.1253537275,0.8746462725,0.0281978725,0.9718021275,
0.1252850455,0.8747149545,0.0283247286,0.9716752714,
0.1253727272,0.8746272728,0.0283827345,0.9716172655,
0.1253976552,0.8746023448,0.0287062442,0.9712937558,
0.1252412416,0.8747587584,0.0285885268,0.9714114732,
0.1254013861,0.8745986139,0.0283549613,0.9716450387,
0.125397134,0.874602866,0.0284237862,0.9715762138,
0.1253121352,0.8746878648,0.0279042143,0.9720957857,
0.125309665,0.874690335,0.0297007311,0.9702992689,
0.1253354184,0.8746645816,0.0289362681,0.9710637319,
0.1253847214,0.8746152786,0.0281529219,0.9718470781,
0.1254235468,0.8745764532,0.0288766157,0.9711233843,
0.1252794682,0.8747205318,0.0285278197,0.9714721803,
0.1253426009,0.8746573991,0.0289543141,0.9710456859,
0.1253543468,0.8746456532,0.0280156052,0.9719843948,
0.1253991404,0.8746008596,0.028866499,0.971133501,
0.1254175226,0.8745824774,0.0291145888,0.9708854112,
0.1254437905,0.8745562095,0.0287350605,0.9712649395,
0.1253466142,0.8746533858,0.0287334276,0.9712665724,
0.1253832254,0.8746167746,0.0280050594,0.9719949406,
0.1253888987,0.8746111013,0.0290777493,0.9709222507,
0.1254306024,0.8745693976,0.0280596168,0.9719403832,
0.1253988891,0.8746011109,0.0286471253,0.9713528747,
0.1253828438,0.8746171562,0.0280923688,0.9719076312,
0.1254718746,0.8745281254,0.0288006443,0.9711993557,
0.1253165422,0.8746834578,0.0284867714,0.9715132286,
0.1253398905,0.8746601095,0.0283271821,0.9716728179,
0.1256086907,0.8743913093,0.0289032231,0.9710967769,
0.1253826588,0.8746173412,0.0284690015,0.9715309985,
0.1253386183,0.8746613817,0.0287533579,0.9712466421,
0.1254089622,0.8745910378,0.0286174274,0.9713825726,
0.1253371936,0.8746628064,0.0291945257,0.9708054743,
0.1253603543,0.8746396457,0.0278196678,0.9721803322,
0.1254111927,0.8745888073,0.0292709027,0.9707290973,
0.1254212447,0.8745787553,0.0289801559,0.9710198441,
0.1252880196,0.8747119804,0.0284067042,0.9715932958,
0.1253732445,0.8746267555,0.0281310253,0.9718689747,
0.1253574839,0.8746425161,0.0291664701,0.9708335299,
0.1254374693,0.8745625307,0.0293822319,0.9706177681,
0.1255047919,0.8744952081,0.0281888396,0.9718111604,
0.1254128304,0.8745871696,0.0288986138,0.9711013862,
0.1253611747,0.8746388253,0.0288381493,0.9711618507,
0.1254350983,0.8745649017,0.0283168327,0.9716831673,
0.1252404989,0.8747595011,0.0285744279,0.9714255721,
0.1254206516,0.8745793484,0.028571279,0.971428721,
0.1253021373,0.8746978627,0.0280858131,0.9719141869,
0.1254299122,0.8745700878,0.0284866469,0.9715133531,
0.1253580302,0.8746419698,0.0293749803,0.9706250197,
0.1253620238,0.8746379762,0.0287507497,0.9712492503,
0.1253303559,0.8746696441,0.0290976678,0.9709023322,
0.1253736208,0.8746263792,0.0294041853,0.9705958147,
0.1253554751,0.8746445249,0.0286937497,0.9713062503,
0.1253004396,0.8746995604,0.0286519715,0.9713480285,
0.1253972331,0.8746027669,0.0284274976,0.9715725024,
0.1252977849,0.8747022151,0.0282382766,0.9717617234,
0.1252950038,0.8747049962,0.0288400825,0.9711599175,
0.1253508008,0.8746491992,0.0277490349,0.9722509651,
0.1252553001,0.8747446999,0.0290211149,0.9709788851,
0.1254451436,0.8745548564,0.0281404454,0.9718595546,
0.1253410013,0.8746589987,0.0284452907,0.9715547093,
0.1254020829,0.8745979171,0.0287691532,0.9712308468,
0.1254293346,0.8745706654,0.0286551766,0.9713448234,
0.1254380537,0.8745619463,0.0286479759,0.9713520241,
0.1254320651,0.8745679349,0.02924435,0.97075565,
0.1254543119,0.8745456881,0.029123408,0.970876592,
0.1252864274,0.8747135726,0.0286703202,0.9713296798,
0.1253570676,0.8746429324,0.0285795148,0.9714204852,
0.1252627374,0.8747372626,0.0287248729,0.9712751271,
0.1252727541,0.8747272459,0.0285482902,0.9714517098,
0.125424899,0.874575101,0.0291362016,0.9708637984,
0.1252544449,0.8747455551,0.0286742677,0.9713257323,
0.1254157378,0.8745842622,0.0289648971,0.9710351029,
0.1252717399,0.8747282601,0.0284425306,0.9715574694,
0.1254898036,0.8745101964,0.0282644463,0.9717355537,
0.1254481029,0.8745518971,0.028615166,0.971384834,
0.1253159455,0.8746840545,0.0279913792,0.9720086208,
0.1253422712,0.8746577288,0.0290068495,0.9709931505,
0.1254322961,0.8745677039,0.0289977831,0.9710022169,
0.1253001507,0.8746998493,0.0281818086,0.9718181914,
0.1253690495,0.8746309505,0.0285976014,0.9714023986,
0.1253190289,0.8746809711,0.0283100357,0.9716899643,
0.1254674822,0.8745325178,0.0286261455,0.9713738545,
0.1254241631,0.8745758369,0.0291063324,0.9708936676,
0.1252232264,0.8747767736,0.0287586649,0.9712413351,
0.1252607778,0.8747392222,0.0292023467,0.9707976533,
0.1253671934,0.8746328066,0.028893872,0.971106128,
0.1253765092,0.8746234908,0.0287072783,0.9712927217,
0.1253120862,0.8746879138,0.0289943737,0.9710056263,
0.1253226701,0.8746773299,0.0290394482,0.9709605518,
0.1253785354,0.8746214646,0.0284515881,0.9715484119,
0.1252454,0.8747546,0.0287248618,0.9712751382,
0.1254352517,0.8745647483,0.028838766,0.971161234,
0.125345179,0.874654821,0.0280341486,0.9719658514,
0.1253569754,0.8746430246,0.0286223153,0.9713776847,
0.1253282945,0.8746717055,0.0284292448,0.9715707552,
0.1253473564,0.8746526436,0.0283106988,0.9716893012,
0.1253558514,0.8746441486,0.0280073099,0.9719926901,
0.1253922307,0.8746077693,0.0287478184,0.9712521816,
0.1253219925,0.8746780075,0.0290909663,0.9709090337,
0.1253051879,0.8746948121,0.0286190228,0.9713809772,
0.1253552421,0.8746447579,0.0286859524,0.9713140476,
0.1254441514,0.8745558486,0.0287332744,0.9712667256,
0.1254210003,0.8745789997,0.0285096965,0.9714903035,
0.1254487303,0.8745512697,0.0285568855,0.9714431145,
0.1253248826,0.8746751174,0.0282359475,0.9717640525,
0.1253915837,0.8746084163,0.0273968993,0.9726031007,
0.1253746828,0.8746253172,0.0291999201,0.9708000799,
0.1254109399,0.8745890601,0.027863385,0.972136615,
0.125394467,0.874605533,0.0288741805,0.9711258195,
0.125427528,0.874572472,0.0281440014,0.9718559986,
0.1254643006,0.8745356994,0.0282767169,0.9717232831,
0.1252889229,0.8747110771,0.0286472176,0.9713527824,
0.1253559734,0.8746440266,0.02741787,0.97258213,
0.1255960305,0.8744039695,0.0293007059,0.9706992941,
0.1254102582,0.8745897418,0.0285111931,0.9714888069,
0.1253475415,0.8746524585,0.02854278,0.97145722,
0.1253676335,0.8746323665,0.0286523896,0.9713476104,
0.1253170323,0.8746829677,0.0290479967,0.9709520033,
0.1254026199,0.8745973801,0.0279287043,0.9720712957,
0.1254297387,0.8745702613,0.0287090861,0.9712909139,
0.1254242195,0.8745757805,0.0286879431,0.9713120569,
0.125268479,0.874731521,0.0283049043,0.9716950957,
0.1253933734,0.8746066266,0.0289169845,0.9710830155,
0.1253268718,0.8746731282,0.0288183681,0.9711816319,
0.125480022,0.874519978,0.0285837569,0.9714162431,
0.1254835631,0.8745164369,0.0285624212,0.9714375788,
0.1254323906,0.8745676094,0.0280971762,0.9719028238,
0.1253418699,0.8746581301,0.028171824,0.971828176,
0.1253958083,0.8746041917,0.0289121527,0.9710878473,
0.1252561643,0.8747438357,0.0277669964,0.9722330036,
0.1254045839,0.8745954161,0.0286567697,0.9713432303,
0.1253662789,0.8746337211,0.029099169,0.970900831,
0.1253932719,0.8746067281,0.0280290276,0.9719709724,
0.1253694164,0.8746305836,0.0286118832,0.9713881168,
0.1253865689,0.8746134311,0.0285534129,0.9714465871,
0.1253168681,0.8746831319,0.0284993352,0.9715006648,
0.1253763201,0.8746236799,0.0287056203,0.9712943797,
0.1252992553,0.8747007447,0.029204145,0.970795855,
0.1253290956,0.8746709044,0.02910511,0.97089489,
0.1254195242,0.8745804758,0.0278528623,0.9721471377,
0.1252991294,0.8747008706,0.0289799398,0.9710200602,
0.1253109861,0.8746890139,0.0286699176,0.9713300824,
0.1253010952,0.8746989048,0.028460584,0.971539416,
0.1252725635,0.8747274365,0.0286132226,0.9713867774,
0.1254179432,0.8745820568,0.0286713982,0.9713286018,
0.1253884286,0.8746115714,0.0290981622,0.9709018378,
0.1253850241,0.8746149759,0.0275289571,0.9724710429,
0.12542612,0.87457388,0.0288950434,0.9711049566,
0.1254574913,0.8745425087,0.0276280147,0.9723719853,
0.125430921,0.874569079,0.0283970652,0.9716029348,
0.1254580834,0.8745419166,0.0281732331,0.9718267669,
0.125278122,0.874721878,0.0285606283,0.9714393717,
0.1253389337,0.8746610663,0.0286763853,0.9713236147,
0.1252791941,0.8747208059,0.029038943,0.970961057,
0.125287034,0.874712966,0.0283545822,0.9716454178,
0.1254042947,0.8745957053,0.0283655964,0.9716344036,
0.1252799282,0.8747200718,0.028029497,0.971970503,
0.125401388,0.874598612,0.0281816382,0.9718183618,
0.1252918968,0.8747081032,0.0280195779,0.9719804221,
0.1255113938,0.8744886062,0.0289594515,0.9710405485,
0.1254645451,0.8745354549,0.0285066425,0.9714933575,
0.1253076392,0.8746923608,0.0282144995,0.9717855005,
0.1253080125,0.8746919875,0.0284340768,0.9715659232,
0.1254096303,0.8745903697,0.0273888356,0.9726111644,
0.1253155278,0.8746844722,0.0294832028,0.9705167972,
0.1253346287,0.8746653713,0.0284155778,0.9715844222,
0.1253597825,0.8746402175,0.0283845308,0.9716154692,
0.1254407464,0.8745592536,0.0282739502,0.9717260498,
0.1254569589,0.8745430411,0.0286854013,0.9713145987,
0.1251763798,0.8748236202,0.028556436,0.971443564,
0.1252740996,0.8747259004,0.0288213696,0.9711786304,
0.1253751309,0.8746248691,0.0285768407,0.9714231593,
0.1253944767,0.8746055233,0.0292207792,0.9707792208,
0.1253253882,0.8746746118,0.028025177,0.971974823,
0.1253058286,0.8746941714,0.028519723,0.971480277,
0.125388888,0.874611112,0.0284954767,0.9715045233,
0.1252607266,0.8747392734,0.0286776894,0.9713223106,
0.1253830803,0.8746169197,0.0288249151,0.9711750849,
0.1253477992,0.8746522008,0.0282176038,0.9717823962,
0.1253869149,0.8746130851,0.0288668881,0.9711331119,
0.125316609,0.874683391,0.0292612669,0.9707387331,
0.1253203957,0.8746796043,0.0289184834,0.9710815166,
0.1253622341,0.8746377659,0.028527609,0.971472391,
0.1253997796,0.8746002204,0.0289719428,0.9710280572,
0.1253344188,0.8746655812,0.0284625988,0.9715374012,
0.1252966341,0.8747033659,0.0288114171,0.9711885829,
0.1253841679,0.8746158321,0.0292412429,0.9707587571,
0.1254328705,0.8745671295,0.0282866422,0.9717133578,
0.1254367095,0.8745632905,0.0286206007,0.9713793993,
0.1253932838,0.8746067162,0.0284135712,0.9715864288,
0.1253384827,0.8746615173,0.0287212135,0.9712787865,
0.1254055615,0.8745944385,0.0280695334,0.9719304666,
0.12536233,0.87463767,0.0285766797,0.9714233203,
0.1254234709,0.8745765291,0.0281038386,0.9718961614,
0.1254200215,0.8745799785,0.0283400597,0.9716599403,
0.1254252766,0.8745747234,0.027960457,0.972039543,
0.1254640676,0.8745359324,0.0289130093,0.9710869907,
0.1253033824,0.8746966176,0.0289970052,0.9710029948,
0.1253569138,0.8746430862,0.0283382619,0.9716617381,
0.1255761116,0.8744238884,0.0289205809,0.9710794191,
0.1254014967,0.8745985033,0.0280490819,0.9719509181,
0.1253465568,0.8746534432,0.0288446498,0.9711553502,
0.1254092031,0.8745907969,0.0286111537,0.9713888463,
0.1252962624,0.8747037376,0.028690244,0.971309756,
0.1254097719,0.8745902281,0.0277956451,0.9722043549,
0.1254140515,0.8745859485,0.0288513654,0.9711486346,
0.1254394954,0.8745605046,0.0284459647,0.9715540353,
0.1252226411,0.8747773589,0.0291595827,0.9708404173,
0.1254341839,0.8745658161,0.0278317863,0.9721682137,
0.1253519245,0.8746480755,0.0283288061,0.9716711939,
0.1254125505,0.8745874495,0.028639152,0.971360848,
0.1255689355,0.8744310645,0.0288481243,0.9711518757,
0.1253308905,0.8746691095,0.028591158,0.971408842,
0.1253749749,0.8746250251,0.0283206055,0.9716793945,
0.1253540178,0.8746459822,0.0282933133,0.9717066867,
0.1252739297,0.8747260703,0.0287800575,0.9712199425,
0.1254210623,0.8745789377,0.0285119645,0.9714880355,
0.1253452012,0.8746547988,0.0287241464,0.9712758536,
0.1254110373,0.8745889627,0.029241674,0.970758326,
0.1253949083,0.8746050917,0.0284860337,0.9715139663,
0.1253777534,0.8746222466,0.0287272841,0.9712727159,
0.12529404,0.87470596,0.0289937256,0.9710062744,
0.1254161668,0.8745838332,0.0293846557,0.9706153443,
0.1252653599,0.8747346401,0.0291762375,0.9708237625,
0.1253175021,0.8746824979,0.0282820843,0.9717179157,
0.1254745564,0.8745254436,0.0293216103,0.9706783897,
0.1252726129,0.8747273871,0.0279579947,0.9720420053,
0.1253236919,0.8746763081,0.0288194262,0.9711805738,
0.1252641446,0.8747358554,0.0289856601,0.9710143399,
0.1252816547,0.8747183453,0.027696388,0.972303612,
0.1254026943,0.8745973057,0.028440497,0.971559503,
0.1253911535,0.8746088465,0.02807663,0.97192337,
0.1254079123,0.8745920877,0.029000741,0.970999259,
0.1254448893,0.8745551107,0.0282905087,0.9717094913,
0.1254719196,0.8745280804,0.0290861345,0.9709138655,
0.1253887182,0.8746112818,0.0291554221,0.9708445779,
0.1254502442,0.8745497558,0.0288875425,0.9711124575,
0.1252956313,0.8747043687,0.0287773561,0.9712226439,
0.1253120643,0.8746879357,0.0278880053,0.9721119947,
0.1252788496,0.8747211504,0.0282315079,0.9717684921,
0.1253258072,0.8746741928,0.0293745027,0.9706254973,
0.1253643075,0.8746356925,0.0287932318,0.9712067682,
0.125302664,0.874697336,0.0288759619,0.9711240381,
0.1253880254,0.8746119746,0.0281670071,0.9718329929,
0.1253170285,0.8746829715,0.0282279856,0.9717720144,
0.1254728624,0.8745271376,0.0285282528,0.9714717472,
0.1254656883,0.8745343117,0.0288114554,0.9711885446,
0.1253248146,0.8746751854,0.0280784471,0.9719215529,
0.1252914605,0.8747085395,0.029102515,0.970897485,
0.1253889344,0.8746110656,0.0279458854,0.9720541146,
0.125316866,0.874683134,0.0289028603,0.9710971397,
0.1253606986,0.8746393014,0.0292356888,0.9707643112,
0.1253854492,0.8746145508,0.0286627207,0.9713372793,
0.1254417759,0.8745582241,0.0286972834,0.9713027166,
0.1254185556,0.8745814444,0.0281941377,0.9718058623,
0.125217549,0.874782451,0.0282217129,0.9717782871,
0.1252634565,0.8747365435,0.0292956859,0.9707043141,
0.1253736826,0.8746263174,0.0285321144,0.9714678856,
0.1253595522,0.8746404478,0.0281434097,0.9718565903,
0.1253581165,0.8746418835,0.0283925612,0.9716074388,
0.1252976379,0.8747023621,0.0288042111,0.9711957889,
0.1253777548,0.8746222452,0.0285133563,0.9714866437,
0.1252684421,0.8747315579,0.0285856861,0.9714143139,
0.1253892665,0.8746107335,0.0285407985,0.9714592015,
0.1253460384,0.8746539616,0.0284633051,0.9715366949,
0.1253702294,0.8746297706,0.0283657761,0.9716342239,
0.1253311925,0.8746688075,0.028109991,0.971890009,
0.1253039781,0.8746960219,0.0287671592,0.9712328408,
0.1254250368,0.8745749632,0.0288314597,0.9711685403,
0.1253684587,0.8746315413,0.0286006772,0.9713993228,
0.1253150581,0.8746849419,0.0278474622,0.9721525378,
0.125309874,0.874690126,0.0294475567,0.9705524433,
0.1253492575,0.8746507425,0.0286303626,0.9713696374,
0.125456826,0.874543174,0.028946511,0.971053489,
0.1254226205,0.8745773795,0.0296501316,0.9703498684,
0.1254128162,0.8745871838,0.0279559916,0.9720440084,
0.125310009,0.874689991,0.028984976,0.971015024,
0.1254083633,0.8745916367,0.0288123275,0.9711876725,
0.1253948604,0.8746051396,0.0283337093,0.9716662907,
0.1253972585,0.8746027415,0.0290973125,0.9709026875,
0.125413095,0.874586905,0.0292062458,0.9707937542,
0.1254489349,0.8745510651,0.0289739737,0.9710260263,
0.125437175,0.874562825,0.0286695433,0.9713304567,
0.125304058,0.874695942,0.02855175,0.97144825,
0.1253994762,0.8746005238,0.0287192986,0.9712807014,
0.1255527481,0.8744472519,0.0282378667,0.9717621333,
0.1253988515,0.8746011485,0.0289675923,0.9710324077,
0.1253425014,0.8746574986,0.0286747013,0.9713252987,
0.1253949944,0.8746050056,0.0282026113,0.9717973887,
0.1252998465,0.8747001535,0.0293213289,0.9706786711,
0.1253844637,0.8746155363,0.0291169276,0.9708830724,
0.1254667525,0.8745332475,0.0278873195,0.9721126805,
0.125395979,0.874604021,0.0288285636,0.9711714364,
0.1252435407,0.8747564593,0.0283736586,0.9716263414,
0.1254434378,0.8745565622,0.0296284248,0.9703715752,
0.1253576591,0.8746423409,0.0290194929,0.9709805071,
0.1254044407,0.8745955593,0.0285852509,0.9714147491,
0.1255584344,0.8744415656,0.0289702508,0.9710297492,
0.1253617463,0.8746382537,0.0291678866,0.9708321134,
0.1253139938,0.8746860062,0.0283279413,0.9716720587,
0.1253523215,0.8746476785,0.0283020355,0.9716979645,
0.1253342562,0.8746657438,0.0281189924,0.9718810076,
0.1254121362,0.8745878638,0.0287664734,0.9712335266,
0.1252998102,0.8747001898,0.0284621898,0.9715378102,
0.1254735868,0.8745264132,0.0284978847,0.9715021153,
0.1253540715,0.8746459285,0.0285620142,0.9714379858,
0.1253922,0.8746078,0.0292595541,0.9707404459,
0.1252737696,0.8747262304,0.0277668052,0.9722331948,
0.1253896731,0.8746103269,0.0285025145,0.9714974855,
0.1252763184,0.8747236816,0.0288746544,0.9711253456,
0.125312165,0.874687835,0.0285999088,0.9714000912,
0.1254724483,0.8745275517,0.0283683459,0.9716316541,
0.1253304212,0.8746695788,0.0281171919,0.9718828081,
0.1252760853,0.8747239147,0.0281083018,0.9718916982,
0.1252763487,0.8747236513,0.0291625554,0.9708374446,
0.1253235148,0.8746764852,0.0281882102,0.9718117898,
0.1253813575,0.8746186425,0.0287355108,0.9712644892,
0.1253910408,0.8746089592,0.028528639,0.971471361,
0.1253830953,0.8746169047,0.0284490461,0.9715509539,
0.1254845129,0.8745154871,0.0286745287,0.9713254713,
0.1254696061,0.8745303939,0.0285920699,0.9714079301,
0.1253905969,0.8746094031,0.0281930239,0.9718069761,
0.1254482381,0.8745517619,0.0293600516,0.9706399484,
0.1253000237,0.8746999763,0.0287155056,0.9712844944,
0.1252713807,0.8747286193,0.0286098532,0.9713901468,
0.125294554,0.874705446,0.0286030972,0.9713969028,
0.1253406315,0.8746593685,0.028743424,0.971256576,
0.1253425802,0.8746574198,0.0292923282,0.9707076718,
0.1253277923,0.8746722077,0.0281806596,0.9718193404,
0.1253227246,0.8746772754,0.0291725843,0.9708274157,
0.1253914905,0.8746085095,0.0281256578,0.9718743422,
0.1254469168,0.8745530832,0.0288130711,0.9711869289,
0.1254951574,0.8745048426,0.0281663466,0.9718336534,
0.125283617,0.874716383,0.0281645736,0.9718354264,
0.1252816216,0.8747183784,0.0287243683,0.9712756317,
0.1254191693,0.8745808307,0.0285058684,0.9714941316,
0.1253110829,0.8746889171,0.0283833856,0.9716166144,
0.1253351174,0.8746648826,0.0283857171,0.9716142829,
0.1253691535,0.8746308465,0.0287572929,0.9712427071,
0.1254593248,0.8745406752,0.0287174418,0.9712825582,
0.1254171483,0.8745828517,0.0286066973,0.9713933027,
0.1252408601,0.8747591399,0.0286995231,0.9713004769,
0.1252385319,0.8747614681,0.0291217563,0.9708782437,
0.1253979807,0.8746020193,0.0286102257,0.9713897743,
0.1253033042,0.8746966958,0.0288962353,0.9711037647,
0.1253985162,0.8746014838,0.0283605038,0.9716394962,
0.1253458439,0.8746541561,0.0290173989,0.9709826011,
0.1253253909,0.8746746091,0.0287921605,0.9712078395,
0.1252831746,0.8747168254,0.0292500909,0.9707499091,
0.1253909872,0.8746090128,0.0281666562,0.9718333438,
0.1253378644,0.8746621356,0.029321924,0.970678076,
0.1253577853,0.8746422147,0.0285326443,0.9714673557,
0.1253212703,0.8746787297,0.0282377595,0.9717622405,
0.1253192031,0.8746807969,0.0289533113,0.9710466887,
0.1254007932,0.8745992068,0.0282708571,0.9717291429,
0.1254095319,0.8745904681,0.0283264943,0.9716735057,
0.1252804356,0.8747195644,0.0287112819,0.9712887181,
0.1253308232,0.8746691768,0.0290221681,0.9709778319,
0.1253531506,0.8746468494,0.0287608991,0.9712391009,
0.125484259,0.874515741,0.0297063504,0.9702936496,
0.1254002375,0.8745997625,0.0286768168,0.9713231832,
0.1253973096,0.8746026904,0.028321356,0.971678644,
0.1252864413,0.8747135587,0.028727806,0.971272194,
0.1254538428,0.8745461572,0.0289198406,0.9710801594,
0.1254023354,0.8745976646,0.028649155,0.971350845,
0.125413597,0.874586403,0.0287192023,0.9712807977,
0.1253798448,0.8746201552,0.0284230909,0.9715769091,
0.1254700051,0.8745299949,0.0286118444,0.9713881556,
0.1254334453,0.8745665547,0.0288733872,0.9711266128,
0.1253010576,0.8746989424,0.0281696792,0.9718303208,
0.1253917053,0.8746082947,0.0287190341,0.9712809659,
0.1255489918,0.8744510082,0.0287853795,0.9712146205,
0.125373211,0.874626789,0.0286776504,0.9713223496,
0.1253543061,0.8746456939,0.0284325574,0.9715674426,
0.1254030478,0.8745969522,0.0282467278,0.9717532722,
0.1253152019,0.8746847981,0.0287430175,0.9712569825,
0.1254320667,0.8745679333,0.0281890869,0.9718109131,
0.125389479,0.874610521,0.0287788979,0.9712211021,
0.1254084894,0.8745915106,0.029285421,0.970714579,
0.1252220287,0.8747779713,0.0284484165,0.9715515835,
0.1254795811,0.8745204189,0.0283098813,0.9716901187,
0.1254013324,0.8745986676,0.0289284985,0.9710715015,
0.1254177287,0.8745822713,0.0293209877,0.9706790123,
0.1255206753,0.8744793247,0.0281694562,0.9718305438,
0.125331519,0.874668481,0.0287012802,0.9712987198,
0.1253603884,0.8746396116,0.0282612125,0.9717387875,
0.125350071,0.874649929,0.0289171527,0.9710828473,
0.125292204,0.874707796,0.0290994929,0.9709005071,
0.1254446069,0.8745553931,0.0293028008,0.9706971992,
0.1252885026,0.8747114974,0.0290247454,0.9709752546,
0.1254487686,0.8745512314,0.0291391356,0.9708608644,
0.1253455853,0.8746544147,0.0289649446,0.9710350554,
0.12542274,0.87457726,0.0274325982,0.9725674018,
0.1252655512,0.8747344488,0.0284140148,0.9715859852,
0.125368671,0.874631329,0.0289347702,0.9710652298,
0.1252850578,0.8747149422,0.0289482691,0.9710517309,
0.1253275811,0.8746724189,0.0281287297,0.9718712703,
0.1254866439,0.8745133561,0.0285586955,0.9714413045,
0.125268091,0.874731909,0.0286327996,0.9713672004,
0.1253185606,0.8746814394,0.0291551594,0.9708448406,
0.125274989,0.874725011,0.0289459197,0.9710540803,
0.1253574006,0.8746425994,0.0292195874,0.9707804126,
0.1253397591,0.8746602409,0.0288048624,0.9711951376,
0.1253885389,0.8746114611,0.02843535,0.97156465,
0.1253915656,0.8746084344,0.0281441096,0.9718558904,
0.1254894651,0.8745105349,0.0286375637,0.9713624363,
0.1254669144,0.8745330856,0.0288546673,0.9711453327,
0.1254114627,0.8745885373,0.029170918,0.970829082,
0.1254023963,0.8745976037,0.028175306,0.971824694,
0.1253400964,0.8746599036,0.0293180671,0.9706819329,
0.1252269446,0.8747730554,0.0280977551,0.9719022449,
0.1253223626,0.8746776374,0.0288316185,0.9711683815,
0.1253314468,0.8746685532,0.0286583633,0.9713416367,
0.1253461051,0.8746538949,0.0291182717,0.9708817283,
0.1253153006,0.8746846994,0.0293805347,0.9706194653,
0.1253140781,0.8746859219,0.0282771115,0.9717228885,
0.1254266284,0.8745733716,0.0286617028,0.9713382972,
0.1254818332,0.8745181668,0.0286150745,0.9713849255,
0.1254721085,0.8745278915,0.0282092764,0.9717907236,
0.1252649684,0.8747350316,0.028698755,0.971301245,
0.1252551879,0.8747448121,0.0286477056,0.9713522944,
0.1254527171,0.8745472829,0.0287029842,0.9712970158,
0.1253426288,0.8746573712,0.0285080027,0.9714919973,
0.1252884754,0.8747115246,0.0276985937,0.9723014063,
0.1253668854,0.8746331146,0.0288025377,0.9711974623,
0.1254703625,0.8745296375,0.0291616293,0.9708383707,
0.1253934108,0.8746065892,0.0292773868,0.9707226132,
0.1252050925,0.8747949075,0.0285739584,0.9714260416,
0.1253218279,0.8746781721,0.028913255,0.971086745,
0.125409814,0.874590186,0.0285762278,0.9714237722,
0.1252921133,0.8747078867,0.0290658928,0.9709341072,
0.1253961169,0.8746038831,0.0285049662,0.9714950338,
0.125310057,0.874689943,0.0284586186,0.9715413814,
0.1253841958,0.8746158042,0.0284920448,0.9715079552,
0.125215038,0.874784962,0.028671468,0.971328532,
0.1253907709,0.8746092291,0.0280920633,0.9719079367,
0.1253404125,0.8746595875,0.0293378302,0.9706621698,
0.1253323601,0.8746676399,0.0289774515,0.9710225485,
0.1254062898,0.8745937102,0.0284263959,0.9715736041,
0.1252847687,0.8747152313,0.0290346709,0.9709653291,
0.1254305725,0.8745694275,0.0294043743,0.9705956257,
0.1253765386,0.8746234614,0.0287668656,0.9712331344,
0.125252547,0.874747453,0.0286739675,0.9713260325,
0.1253681778,0.8746318222,0.0287073052,0.9712926948,
0.1253116452,0.8746883548,0.0282574158,0.9717425842,
0.1255479787,0.8744520213,0.0286390533,0.9713609467,
0.125360873,0.874639127,0.0285557156,0.9714442844,
0.1253962507,0.8746037493,0.0281759711,0.9718240289,
0.1253241865,0.8746758135,0.0289158533,0.9710841467,
0.125433193,0.874566807,0.0285204433,0.9714795567,
0.1254069511,0.8745930489,0.0291958547,0.9708041453,
0.1254446976,0.8745553024,0.0285909461,0.9714090539,
0.1253608146,0.8746391854,0.0281956074,0.9718043926,
0.1254581316,0.8745418684,0.0282309615,0.9717690385,
0.1254153121,0.8745846879,0.0286829564,0.9713170436,
0.125316122,0.874683878,0.0285938317,0.9714061683,
0.1254300655,0.8745699345,0.0294337492,0.9705662508,
0.1255129853,0.8744870147,0.0287070335,0.9712929665,
0.1253493492,0.8746506508,0.028623999,0.971376001,
0.1253772815,0.8746227185,0.0284342514,0.9715657486,
0.1253805686,0.8746194314,0.0296376975,0.9703623025,
0.1253075671,0.8746924329,0.028996384,0.971003616,
0.125428568,0.874571432,0.0289580457,0.9710419543,
0.1254103085,0.8745896915,0.0287932793,0.9712067207,
0.1253970122,0.8746029878,0.0293775359,0.9706224641,
0.1252471706,0.8747528294,0.0285440986,0.9714559014,
0.1254452411,0.8745547589,0.0280774703,0.9719225297,
0.1253831942,0.8746168058,0.0289161301,0.9710838699,
0.125482901,0.874517099,0.0284658753,0.9715341247,
0.1254920821,0.8745079179,0.028261075,0.971738925,
0.1253318088,0.8746681912,0.0278850505,0.9721149495,
0.1253834066,0.8746165934,0.0287761858,0.9712238142,
0.1253253156,0.8746746844,0.0288134968,0.9711865032,
0.1253263904,0.8746736096,0.02852386,0.97147614,
0.1254629531,0.8745370469,0.0288898212,0.9711101788,
0.1252496498,0.8747503502,0.0285389868,0.9714610132,
0.1254525329,0.8745474671,0.0288773456,0.9711226544,
0.1253261398,0.8746738602,0.0282701992,0.9717298008,
0.1254451305,0.8745548695,0.029773929,0.970226071,
0.1252711457,0.8747288543,0.0290928326,0.9709071674,
0.1253585305,0.8746414695,0.0285193247,0.9714806753,
0.1252813178,0.8747186822,0.0289445186,0.9710554814,
0.1253597744,0.8746402256,0.0294747844,0.9705252156,
0.1254559481,0.8745440519,0.0284847596,0.9715152404,
0.125241997,0.874758003,0.0285805533,0.9714194467,
0.1253375737,0.8746624263,0.029220728,0.970779272,
0.1252801609,0.8747198391,0.0285813178,0.9714186822,
0.1253245056,0.8746754944,0.0285317398,0.9714682602,
0.1253478755,0.8746521245,0.0287064011,0.9712935989,
0.1254132706,0.8745867294,0.0292045472,0.9707954528,
0.1254264361,0.8745735639,0.0280871137,0.9719128863,
0.1255086799,0.8744913201,0.0285503284,0.9714496716,
0.1254090119,0.8745909881,0.0285468167,0.9714531833,
0.1254498719,0.8745501281,0.028796981,0.971203019,
0.125318268,0.874681732,0.0287723349,0.9712276651,
0.1253851939,0.8746148061,0.0294304887,0.9705695113,
0.1252471029,0.8747528971,0.0288455965,0.9711544035,
0.1252973738,0.8747026262,0.0294407972,0.9705592028,
0.1253296465,0.8746703535,0.0282433598,0.9717566402,
0.1253851058,0.8746148942,0.0279539373,0.9720460627,
0.1252897743,0.8747102257,0.0288295254,0.9711704746,
0.1253258944,0.8746741056,0.0290344929,0.9709655071,
0.1254289898,0.8745710102,0.0294126894,0.9705873106,
0.1254719413,0.8745280587,0.0286434933,0.9713565067,
0.1254199887,0.8745800113,0.0284536212,0.9715463788,
0.1253254218,0.8746745782,0.0284914499,0.9715085501,
0.1252686955,0.8747313045,0.0284793458,0.9715206542,
0.125402264,0.874597736,0.0282575062,0.9717424938,
0.1253847925,0.8746152075,0.0292832833,0.9707167167,
0.1252546705,0.8747453295,0.0285289127,0.9714710873,
0.1254029782,0.8745970218,0.0284973549,0.9715026451,
0.1254706475,0.8745293525,0.0289326168,0.9710673832,
0.1253475751,0.8746524249,0.028185312,0.971814688,
0.1252226646,0.8747773354,0.0286768599,0.9713231401,
0.1253329019,0.8746670981,0.0290103908,0.9709896092,
0.1253818311,0.8746181689,0.0289522733,0.9710477267,
0.1253062616,0.8746937384,0.0292353941,0.9707646059,
0.125414353,0.874585647,0.0287652845,0.9712347155,
0.1253325695,0.8746674305,0.0287051892,0.9712948108,
0.1253474981,0.8746525019,0.0278140507,0.9721859493,
0.1252538821,0.8747461179,0.0286632397,0.9713367603,
0.1253974664,0.8746025336,0.0288685111,0.9711314889,
0.1253397012,0.8746602988,0.0286002374,0.9713997626,
0.1253358467,0.8746641533,0.0279269942,0.9720730058,
0.1253816252,0.8746183748,0.02869843,0.97130157,
0.1252895665,0.8747104335,0.0290429598,0.9709570402,
0.1254044581,0.8745955419,0.0287945902,0.9712054098,
0.1254018445,0.8745981555,0.0283107025,0.9716892975,
0.1252708549,0.8747291451,0.0276087334,0.9723912666,
0.1253348837,0.8746651163,0.0283637049,0.9716362951,
0.1253240758,0.8746759242,0.0291029386,0.9708970614,
0.1255543488,0.8744456512,0.0284461482,0.9715538518,
0.125401761,0.874598239,0.0285937721,0.9714062279,
0.1253657596,0.8746342404,0.0286629697,0.9713370303,
0.1253422222,0.8746577778,0.0293355436,0.9706644564,
0.125429786,0.874570214,0.0286921206,0.9713078794,
0.1253797784,0.8746202216,0.0278670729,0.9721329271,
0.1254579049,0.8745420951,0.0286718947,0.9713281053,
0.1253500829,0.8746499171,0.0290976078,0.9709023922,
0.1254843357,0.8745156643,0.0284968503,0.9715031497,
0.1254117333,0.8745882667,0.0290709504,0.9709290496,
0.1252848935,0.8747151065,0.0292651704,0.9707348296,
0.1254457997,0.8745542003,0.028526099,0.971473901,
0.125506878,0.874493122,0.0292764643,0.9707235357,
0.1253681039,0.8746318961,0.0288692989,0.9711307011,
0.1253311842,0.8746688158,0.0288534229,0.9711465771,
0.1254052182,0.8745947818,0.0288884557,0.9711115443,
0.1253563784,0.8746436216,0.0280096787,0.9719903213,
0.1254148343,0.8745851657,0.0289527999,0.9710472001,
0.1253994219,0.8746005781,0.0288948996,0.9711051004,
0.1253654598,0.8746345402,0.0289350587,0.9710649413,
0.1252570403,0.8747429597,0.0288102436,0.9711897564,
0.1254256245,0.8745743755,0.0287180721,0.9712819279,
0.1254017646,0.8745982354,0.0287868043,0.9712131957,
0.1254986148,0.8745013852,0.0293857422,0.9706142578,
0.1254442826,0.8745557174,0.0291123098,0.9708876902,
0.1253722477,0.8746277523,0.0288887496,0.9711112504,
0.1253864352,0.8746135648,0.0292245597,0.9707754403,
0.1252881913,0.8747118087,0.0286397684,0.9713602316,
0.1253487785,0.8746512215,0.0279391032,0.9720608968,
0.1254305863,0.8745694137,0.0286451113,0.9713548887,
0.1253047247,0.8746952753,0.0282555798,0.9717444202,
0.1254613294,0.8745386706,0.0291876371,0.9708123629,
0.1252735163,0.8747264837,0.028252516,0.971747484,
0.1254605783,0.8745394217,0.0283796155,0.9716203845,
0.1252563508,0.8747436492,0.0286867205,0.9713132795,
0.1253696214,0.8746303786,0.0288000667,0.9711999333,
0.1253120829,0.8746879171,0.0283393805,0.9716606195,
0.1253654579,0.8746345421,0.028742195,0.971257805,
0.1254341364,0.8745658636,0.0289028233,0.9710971767,
0.1252647405,0.8747352595,0.0284903876,0.9715096124,
0.1253096328,0.8746903672,0.0286579904,0.9713420096,
0.1252805985,0.8747194015,0.0285803028,0.9714196972,
0.1253578032,0.8746421968,0.0287563955,0.9712436045,
0.1253257261,0.8746742739,0.0292632329,0.9707367671,
0.1254051862,0.8745948138,0.0282566974,0.9717433026,
0.1254418179,0.8745581821,0.029314319,0.970685681,
0.125462326,0.874537674,0.0290752999,0.9709247001,
0.1254438834,0.8745561166,0.0285142099,0.9714857901,
0.1254424942,0.8745575058,0.0289398402,0.9710601598,
0.1253142358,0.8746857642,0.0291775512,0.9708224488,
0.1253555595,0.8746444405,0.028721949,0.971278051,
0.1252699659,0.8747300341,0.0284821757,0.9715178243,
0.1252967899,0.8747032101,0.0289938062,0.9710061938,
0.1253542562,0.8746457438,0.0282111114,0.9717888886,
0.1253603634,0.8746396366,0.0290865171,0.9709134829,
0.1253077716,0.8746922284,0.0289372344,0.9710627656,
0.1253196638,0.8746803362,0.0284349812,0.9715650188,
0.1254431788,0.8745568212,0.02853565,0.97146435,
0.1254630418,0.8745369582,0.0294579486,0.9705420514,
0.1254040175,0.8745959825,0.0292615899,0.9707384101,
0.1253107874,0.8746892126,0.028585068,0.971414932,
0.1253270975,0.8746729025,0.0290612075,0.9709387925,
0.1253501547,0.8746498453,0.0289080911,0.9710919089,
0.1252659898,0.8747340102,0.0293974262,0.9706025738,
0.1254114589,0.8745885411,0.0287470335,0.9712529665,
0.1254593734,0.8745406266,0.0292118818,0.9707881182,
0.1253282184,0.8746717816,0.0284618795,0.9715381205,
0.1252298316,0.8747701684,0.0285408659,0.9714591341,
0.125351033,0.874648967,0.0286294491,0.9713705509,
0.1253980159,0.8746019841,0.028508519,0.971491481,
0.1252996891,0.8747003109,0.0288133185,0.9711866815,
0.1253413822,0.8746586178,0.0286467873,0.9713532127,
0.1254138341,0.8745861659,0.0287475195,0.9712524805,
0.1252881495,0.8747118505,0.0287774675,0.9712225325,
0.1253368176,0.8746631824,0.0286479641,0.9713520359,
0.1253619431,0.8746380569,0.0284017127,0.9715982873,
0.1253395455,0.8746604545,0.028446607,0.971553393,
0.1252913348,0.8747086652,0.0288836274,0.9711163726,
0.1254641572,0.8745358428,0.0287024607,0.9712975393,
0.1252767188,0.8747232812,0.0285869975,0.9714130025,
0.1253759377,0.8746240623,0.0285874439,0.9714125561,
0.1253871164,0.8746128836,0.0287189093,0.9712810907,
0.1252807272,0.8747192728,0.0291833582,0.9708166418,
0.1253748429,0.8746251571,0.0293515965,0.9706484035,
0.1253633399,0.8746366601,0.0288965989,0.9711034011,
0.1254828046,0.8745171954,0.0285384189,0.9714615811,
0.1253885133,0.8746114867,0.0281355561,0.9718644439,
0.125433811,0.874566189,0.028362421,0.971637579,
0.125298269,0.874701731,0.0284228096,0.9715771904,
0.1254240762,0.8745759238,0.0284899392,0.9715100608,
0.1253939903,0.8746060097,0.0286592249,0.9713407751,
0.1254410824,0.8745589176,0.0287465897,0.9712534103,
0.1253888577,0.8746111423,0.0285242204,0.9714757796,
0.1254365366,0.8745634634,0.0290265209,0.9709734791,
0.1253911554,0.8746088446,0.0284853336,0.9715146664,
0.1253375574,0.8746624426,0.0286861314,0.9713138686,
0.1254481572,0.8745518428,0.0287294677,0.9712705323,
0.1254916575,0.8745083425,0.0284481406,0.9715518594,
0.1253410478,0.8746589522,0.0290923969,0.9709076031,
0.1253716916,0.8746283084,0.0287590214,0.9712409786,
0.1254146329,0.8745853671,0.0291173127,0.9708826873,
0.1253348451,0.8746651549,0.0282351095,0.9717648905,
0.1254052627,0.8745947373,0.0286568665,0.9713431335,
0.125419699,0.874580301,0.0286073694,0.9713926306,
0.1253196707,0.8746803293,0.0287015064,0.9712984936,
0.1252848586,0.8747151414,0.0292062693,0.9707937307,
0.1254729493,0.8745270507,0.0286613017,0.9713386983,
0.1253765511,0.8746234489,0.0289905145,0.9710094855,
0.1254933735,0.8745066265,0.0292660048,0.9707339952,
0.1254056177,0.8745943823,0.0287857788,0.9712142212,
0.1253955283,0.8746044717,0.0288758574,0.9711241426,
0.1254141884,0.8745858116,0.0288837942,0.9711162058,
0.1252593018,0.8747406982,0.0288794884,0.9711205116,
0.125351997,0.874648003,0.0291001834,0.9708998166,
0.125384837,0.874615163,0.0294308026,0.9705691974,
0.1253893096,0.8746106904,0.0292665245,0.9707334755,
0.1254139262,0.8745860738,0.0290783818,0.9709216182,
0.1253227834,0.8746772166,0.0284893113,0.9715106887,
0.1254327988,0.8745672012,0.0285297684,0.9714702316,
0.1253135939,0.8746864061,0.0285202665,0.9714797335,
0.1252541065,0.8747458935,0.028645411,0.971354589,
0.1253654304,0.8746345696,0.0285757453,0.9714242547,
0.1253737785,0.8746262215,0.029814333,0.970185667,
0.1253950306,0.8746049694,0.0284774318,0.9715225682,
0.1252394888,0.8747605112,0.0290426229,0.9709573771,
0.1253953083,0.8746046917,0.0289083999,0.9710916001,
0.1252128447,0.8747871553,0.0291684738,0.9708315262,
0.1254032824,0.8745967176,0.0287358714,0.9712641286,
0.1253073933,0.8746926067,0.0285811804,0.9714188196,
0.1254129575,0.8745870425,0.0291119752,0.9708880248,
0.1254522285,0.8745477715,0.0291779826,0.9708220174,
0.1254641883,0.8745358117,0.0290294378,0.9709705622,
0.1254299804,0.8745700196,0.029258038,0.970741962,
0.1254772306,0.8745227694,0.0287465542,0.9712534458,
0.1252713872,0.8747286128,0.0289643219,0.9710356781,
0.125361435,0.874638565,0.0283723479,0.9716276521,
0.1252967737,0.8747032263,0.0280937789,0.9719062211,
0.125268518,0.874731482,0.028892757,0.971107243,
0.1253851533,0.8746148467,0.0288414038,0.9711585962,
0.1253280194,0.8746719806,0.0286599818,0.9713400182,
0.1253094492,0.8746905508,0.0282590403,0.9717409597,
0.1253449587,0.8746550413,0.0288247642,0.9711752358,
0.125450771,0.874549229,0.0288896223,0.9711103777,
0.125466533,0.874533467,0.0291668404,0.9708331596,
0.1253599983,0.8746400017,0.0289552458,0.9710447542,
0.1253553069,0.8746446931,0.0290925378,0.9709074622,
0.1253062517,0.8746937483,0.028372161,0.971627839,
0.1253810177,0.8746189823,0.0286677644,0.9713322356,
0.1253465006,0.8746534994,0.0285397617,0.9714602383,
0.1253008519,0.8746991481,0.0290229976,0.9709770024,
0.1254244076,0.8745755924,0.0288761829,0.9711238171,
0.1254157961,0.8745842039,0.0285442932,0.9714557068,
0.125352595,0.874647405,0.0290054162,0.9709945838,
0.1252028313,0.8747971687,0.0289004917,0.9710995083,
0.1253764868,0.8746235132,0.0294936584,0.9705063416,
0.1254203569,0.8745796431,0.0279075608,0.9720924392,
0.1252447114,0.8747552886,0.0293781,0.9706219,
0.1253648972,0.8746351028,0.0289467499,0.9710532501,
0.1254231586,0.8745768414,0.0286220805,0.9713779195,
0.1252838509,0.8747161491,0.0284776036,0.9715223964,
0.1253582349,0.8746417651,0.0291761597,0.9708238403,
0.1253489118,0.8746510882,0.0285583041,0.9714416959,
0.1253406567,0.8746593433,0.0280176044,0.9719823956,
0.1253040612,0.8746959388,0.0283241666,0.9716758334,
0.1253829299,0.8746170701,0.0285631564,0.9714368436,
0.1253704291,0.8746295709,0.0281217966,0.9718782034,
0.1253565386,0.8746434614,0.0283904111,0.9716095889,
0.1253361859,0.8746638141,0.0294427968,0.9705572032,
0.1253215075,0.8746784925,0.0287827961,0.9712172039,
0.1253927399,0.8746072601,0.028304658,0.971695342,
0.1253768875,0.8746231125,0.0291971957,0.9708028043,
0.1254350054,0.8745649946,0.0297722283,0.9702277717,
0.1253983855,0.8746016145,0.0289624194,0.9710375806,
0.1254334179,0.8745665821,0.027961498,0.972038502,
0.1252948748,0.8747051252,0.0282611198,0.9717388802,
0.1254380363,0.8745619637,0.02890466,0.97109534,
0.1254400413,0.8745599587,0.028879326,0.971120674,
0.1254045004,0.8745954996,0.0285178591,0.9714821409,
0.1253618436,0.8746381564,0.0284910269,0.9715089731,
0.1254382057,0.8745617943,0.0289583355,0.9710416645,
0.1253854646,0.8746145354,0.0285103798,0.9714896202,
0.1253095271,0.8746904729,0.0281603471,0.9718396529,
0.1255237719,0.8744762281,0.028781528,0.971218472,
0.1254742387,0.8745257613,0.0289900608,0.9710099392,
0.1253420475,0.8746579525,0.028751057,0.971248943,
0.1253756874,0.8746243126,0.0281100103,0.9718899897,
0.1253799109,0.8746200891,0.0277763256,0.9722236744,
0.1253519825,0.8746480175,0.0287952339,0.9712047661,
0.1254158006,0.8745841994,0.028963073,0.971036927,
0.125448447,0.874551553,0.0278492286,0.9721507714,
0.1252572993,0.8747427007,0.0290548885,0.9709451115,
0.1253456452,0.8746543548,0.0289144766,0.9710855234,
0.1254405374,0.8745594626,0.0285364155,0.9714635845,
0.1253743371,0.8746256629,0.0289457313,0.9710542687,
0.1255382037,0.8744617963,0.0286792334,0.9713207666,
0.1253605245,0.8746394755,0.0293674817,0.9706325183,
0.1253771579,0.8746228421,0.0282494767,0.9717505233,
0.1254503553,0.8745496447,0.0286706074,0.9713293926,
0.125234542,0.874765458,0.0287186769,0.9712813231,
0.1253426616,0.8746573384,0.0289425695,0.9710574305,
0.1254186655,0.8745813345,0.0276930655,0.9723069345,
0.1254025154,0.8745974846,0.0284167297,0.9715832703,
0.1254190623,0.8745809377,0.0284626919,0.9715373081,
0.1253113436,0.8746886564,0.028378343,0.971621657,
0.125376217,0.874623783,0.0288066489,0.9711933511,
0.1253496243,0.8746503757,0.028167467,0.971832533,
0.1252966957,0.8747033043,0.0289419645,0.9710580355,
0.1253433803,0.8746566197,0.028882635,0.971117365,
0.1253769396,0.8746230604,0.0292514951,0.9707485049,
0.1253797938,0.8746202062,0.0288467065,0.9711532935,
0.1252610869,0.8747389131,0.0290391012,0.9709608988,
0.125342849,0.874657151,0.0287662174,0.9712337826,
0.1252216012,0.8747783988,0.0290704032,0.9709295968,
0.1254478702,0.8745521298,0.0280116733,0.9719883267,
0.1253390097,0.8746609903,0.0291366475,0.9708633525,
0.1254087835,0.8745912165,0.0293101388,0.9706898612,
0.1254170978,0.8745829022,0.027929426,0.972070574,
0.1254551469,0.8745448531,0.0286723468,0.9713276532,
0.1254193827,0.8745806173,0.0289162699,0.9710837301,
0.1254799212,0.8745200788,0.0287742744,0.9712257256,
0.1252887789,0.8747112211,0.0288571966,0.9711428034,
0.1253521177,0.8746478823,0.028060678,0.971939322,
0.1252922546,0.8747077454,0.0292344723,0.9707655277,
0.1252646716,0.8747353284,0.0287019946,0.9712980054,
0.1253957221,0.8746042779,0.0282019313,0.9717980687,
0.1252801032,0.8747198968,0.0285706776,0.9714293224,
0.1253774153,0.8746225847,0.02911085,0.97088915,
0.1253068466,0.8746931534,0.0289207495,0.9710792505,
0.1254633847,0.8745366153,0.0286544371,0.9713455629,
0.1254535157,0.8745464843,0.0281702671,0.9718297329,
0.1253545183,0.8746454817,0.0286639193,0.9713360807,
0.1253329872,0.8746670128,0.0290912497,0.9709087503,
